ticker,med_turnover,med_turnover_2y,n
01P.F,0.0,0.0,2285
02B.F,0.0,0.0,2285
02V.F,0.0,0.0,2208
038.F,0.0,0.0,2285
046.F,0.0,0.0,336
04K.F,0.0,0.0,2285
04Q.DE,0.0,62655.47003364563,2285
04X.F,0.0,0.0,1464
061.F,0.0,0.0,674
06M0.F,0.0,0.0,140
079A.F,0.0,0.0,2285
07G0.DE,0.0,0.0,415
08T.F,0.0,0.0,2285
096.DE,9474.399841308594,7118.0999755859375,895
0AJ.F,0.0,0.0,2285
0AV.F,0.0,0.0,1181
0B2.DE,11259.34831237793,27094.76967048645,1157
0B7.F,0.0,0.0,2005
0C6.F,0.0,0.0,2201
0DA.F,0.0,0.0,2285
0FA.F,0.0,0.0,1790
0FE.F,0.0,0.0,1326
0FG.F,0.0,0.0,1319
0FY.F,0.0,0.0,1944
0G31.F,2054.080074429512,4089.999943971634,1648
0G93.F,0.0,0.0,2285
0GE.F,0.0,0.0,1273
0GJ.F,0.0,0.0,555
0GS.F,0.0,0.0,2285
0GT.F,0.0,0.0,1737
0GV.F,0.0,0.0,2285
0H9.F,0.0,0.0,2285
0HE1.F,1261.9999885559082,9868.420333862305,1771
0HF.F,0.0,0.0,2073
0HV.F,0.0,0.0,1712
0I6.F,0.0,0.0,2285
0K91.F,0.0,0.0,1991
0KG.F,0.0,0.0,295
0L8.F,0.0,0.0,2285
0LQ.F,0.0,0.0,2022
0MS.F,0.0,0.0,1247
0N5.F,0.0,0.0,1115
0NU.F,2148.1200218200684,0.0,2285
0O2.F,0.0,0.0,731
0OE.F,0.0,0.0,2285
0OK.F,3340.0600242614746,1728.1499671936035,2285
0OM.F,0.0,0.0,2285
0ON.F,0.0,0.0,1940
0OT.F,0.0,0.0,2285
0OV1.F,0.0,0.0,2285
0P1A.F,0.0,0.0,2285
0P8.F,0.0,0.0,2285
0PN.F,0.0,0.0,1272
0PQ.F,0.0,0.0,2285
0PT.F,0.0,0.0,2285
0PY.F,0.0,0.0,289
0Q0.F,787.5182104110718,0.0,1875
0Q2.F,0.0,0.0,2285
0QF.F,55993.000802993774,27642.843008041382,1905
0QH.F,0.0,0.0,1220
0QL0.F,393.12000274658203,94.74750280380249,1127
0QQA.F,0.0,0.0,1870
0R1.F,0.0,0.0,2089
0R6.F,0.0,0.0,1768
0R7.F,0.0,0.0,1752
0RL0.F,0.0,0.0,1017
0S6.F,0.0,0.0,1666
0SE0.F,0.0,0.0,1714
0SU.F,1366.2499904632568,391.82000732421875,1330
0SZ.F,0.0,0.0,2285
0T5.F,0.0,0.0,2285
0TB.F,0.0,0.0,2285
0UB.DE,0.0,41498.69850540161,2285
0UI.F,0.0,0.0,2285
0V4.F,0.0,0.0,2285
0V6.SG,0.0,9017.179183959961,2215
0VD.F,11398.190623283386,6039.946401596069,1206
0VN.F,0.0,0.0,1283
0WE.F,0.0,0.0,1180
0WJ.F,0.0,0.0,1276
0WKA.F,0.0,0.0,2285
0X5.F,0.0,0.0,1416
0XQ.F,0.0,0.0,357
0YB0.F,56972.301612854004,56972.301612854004,187
0YE.F,0.0,0.0,2285
0YK.F,0.0,0.0,1032
0YU.F,0.0,0.0,2285
0Z2.F,0.0,0.0,1864
0ZA.F,0.0,0.0,1785
0ZC.DE,32777.15946960449,53020.64945983887,1384
0ZG.F,0.0,0.0,2285
10D.F,0.0,0.0,2285
10V.F,0.0,0.0,2285
1170.F,9541.800231933594,54558.17473602295,2285
11H.F,0.0,0.0,1709
11N.F,0.0,0.0,2285
12F.MU,0.0,0.0,2285
12V.F,0.0,0.0,2285
12X1.F,0.0,0.0,2285
137.F,0.0,0.0,2285
13K.F,0.0,0.0,2284
14N1.SG,0.0,0.0,2235
15PA.SG,0.0,0.0,2235
15R.F,0.0,0.0,2285
163.F,0.0,0.0,2285
169.F,0.0,0.0,2285
16A.F,0.0,0.0,1785
16NA.F,0.0,0.0,1373
17P0.F,0.0,0.0,253
185.DE,33876.690689086914,34923.087549209595,1642
18I.F,0.0,0.0,2285
18LB.F,0.0,0.0,2285
19H.SG,0.0,239.88829517364502,817
19KA.F,0.0,0.0,2285
19P.F,0.0,0.0,1754
19S.F,0.0,0.0,2285
19T.F,0.0,0.0,2004
19V.SG,0.0,0.0,2235
19X.F,0.0,0.0,2285
1AE.SG,0.0,0.0,2051
1AL.F,2535.84547996521,11600.980634689331,2285
1AM.F,0.0,0.0,2008
1BN.F,0.0,0.0,1167
1C5.F,0.0,0.0,2285
1CG.F,0.0,477.99999237060547,2005
1CK.F,0.0,0.0,2285
1COV.F,82479.93495941162,20301.86980819702,2285
1D4.F,0.0,0.0,2285
1DN.F,0.0,0.0,2285
1DP.F,0.0,0.0,2084
1DQ.F,0.0,0.0,552
1DZ0.F,0.0,0.0,373
1ED.F,0.0,0.0,2285
1EJ.F,0.0,0.0,1098
1ES.F,0.0,0.0,2079
1F1.F,0.0,0.0,2285
1F80.MU,0.0,0.0,2285
1F9.F,0.0,0.0,2285
1FE1.F,0.0,0.0,2285
1FG0.F,0.0,0.0,2285
1FN.F,0.0,0.0,2285
1FY.F,0.0,0.0,876
1G3.SG,0.0,0.0,2073
1G70.F,0.0,0.0,2285
1G9.F,0.0,0.0,2285
1GC.F,0.0,0.0,2285
1GDA.F,0.0,0.0,2285
1GIA.F,0.0,0.0,1507
1GSN.F,0.0,0.0,1520
1HI.F,0.0,0.0,2285
1I1.F,0.0,0.0,2285
1I9A.F,0.0,0.0,1617
1ID.F,0.0,0.0,2285
1IG.F,0.0,0.0,1181
1IJ.F,0.0,0.0,1462
1IK.F,0.0,0.0,2285
1IV.F,0.0,0.0,2158
1IY0.F,0.0,0.0,1610
1J8.F,0.0,0.0,286
1K3.F,0.0,0.0,2285
1K9.F,0.0,0.0,2081
1KJ.F,0.0,0.0,1712
1KPA.F,0.0,0.0,1637
1KT.DE,0.0,0.0,1383
1KW0.F,0.0,0.0,1260
1L30.F,0.0,0.0,2285
1LRC.F,2164.704418182373,6208.985595703125,2285
1LZ.F,0.0,0.0,1264
1M4.F,0.0,0.0,1186
1MA.F,0.0,0.0,2285
1MJ1.F,0.0,0.0,2285
1MS.F,0.0,94.01471614837646,2285
1MTA.F,0.0,0.0,2285
1N4.F,0.0,0.0,2285
1N8.DE,182980.80639648438,130799.39904785156,1633
1NBA.F,51914.20227050781,16381.725322723389,2285
1NE0.F,0.0,0.0,2022
1NN.F,0.0,0.0,2285
1NQ0.F,0.0,0.0,1607
1NR.SG,0.0,0.0,2285
1NV.F,0.0,0.0,2285
1OD.F,0.0,0.0,2285
1ON.F,0.0,0.0,2001
1OT.F,0.0,0.0,2285
1P5.F,0.0,0.0,1096
1PE.F,0.0,4568.00084400177,2285
1Q3.F,0.0,0.0,1807
1Q5.F,55.25,0.0,2089
1QK.F,0.0,0.0,2006
1S1.F,0.0,0.0,2285
1S2.F,1543.5000324249268,1543.5000324249268,222
1S3.F,0.0,0.0,2285
1S90.F,0.0,0.0,2285
1SO.SG,0.0,0.0,2285
1SP.F,0.0,0.0,2285
1SQ0.MU,0.0,0.0,286
1SXP.DE,1287684.6749505997,1146260.0432014465,688
1T1.F,0.0,0.0,2285
1T3.F,0.0,0.0,2285
1T4.F,0.0,9952.550972938538,2285
1TU.F,0.0,0.0,2285
1TY.HM,0.0,0.0,1454
1U1.DE,2098278.464115143,739518.0041484833,2285
1U5.F,0.0,0.0,2070
1UC0.F,0.0,0.0,2061
1V1.F,0.0,0.0,1477
1VRA.F,0.0,0.0,1699
1VT.F,0.0,6383.372591018677,2285
1VX.F,0.0,0.0,1326
1W3.F,0.0,0.0,2284
1WE.F,0.0,0.0,1669
1WF.F,0.0,0.0,2285
1WT.F,0.0,0.0,2285
1X0.F,0.0,1417.46002471447,2285
1YD.F,14360.128784179688,235315.5547027588,2285
1YN.F,0.0,0.0,1937
1YQA.F,0.0,0.0,1673
1ZB.F,7133.925075531006,21779.12570953369,1964
1ZK.F,0.0,0.0,1871
1ZL.F,0.0,0.0,2214
1ZU.F,0.0,0.0,1701
20V.F,0.0,0.0,2285
21E.SG,0.0,0.0,2285
21P.F,37206.14880371094,7903.7280559539795,2285
22P.F,0.0,0.0,2285
22T.F,0.0,0.0,2285
22UA.DE,5983933.915725708,3228616.321029663,1427
22Z.DE,19494.91996574402,19494.91996574402,168
25K0.F,0.0,0.0,2285
25M.F,0.0,155.05800008773804,1233
260.F,0.0,0.0,1283
276.F,0.0,0.0,2285
27E.F,0.0,0.0,2285
27J.F,0.0,0.0,2285
27V0.F,0.0,0.0,2285
28K1.F,540.7500100135803,11814.532740831375,1151
29A.F,0.0,0.0,2285
29B0.F,0.0,0.0,2006
29K.F,0.0,0.0,2089
2AR.SG,0.0,0.0,2285
2B30.F,0.0,0.0,2022
2B4.F,0.0,0.0,2270
2BH.F,0.0,0.0,2285
2CF.F,0.0,0.0,2285
2CK.F,65.40626995265484,243.3782696723938,2285
2CP.F,0.0,0.0,2285
2CU.F,0.0,0.0,2285
2DR.F,0.0,0.0,2052
2ED.F,31183.599548339844,15559.180261611938,2285
2EN.F,0.0,0.0,2285
2ER.F,0.0,0.0,2285
2EX.F,0.0,0.0,342
2F70.F,0.0,0.0,1377
2FB.SG,0.0,0.0,2235
2FE.DE,208263.33618164062,769028.403137207,2285
2G1.F,0.0,0.0,2284
2G2.SG,0.0,0.0,2093
2GB.DE,396194.80398750305,742587.5934276581,2285
2GL.SG,0.0,0.0,1118
2H2.SG,0.0,0.0,2235
2H51.F,850.0000238418579,5387.897657155991,2285
2HA.F,0.0,0.0,2061
2HP.DE,1986.8431091308594,32344.43898010254,2285
2HQ0.F,28826.112889766693,6004.250104427338,2285
2I3.F,0.0,0.0,2061
2II.F,0.0,0.0,2285
2IS.F,0.0,6711.370178222656,2285
2IW.F,0.0,0.0,2285
2IX.F,0.0,0.0,1155
2J2.F,0.0,0.0,2061
2K3.F,0.0,0.0,1942
2KD.F,1245.057237625122,1820.5162858963013,2285
2L2.F,0.0,0.0,1975
2LB.F,0.0,0.0,2285
2LE1.F,0.0,0.0,2285
3L4.DU,0.0,0.0,1283
SPU.F,0.0,0.0,2285
2LYA.F,0.0,0.0,1884
2M6.DE,77393.96827697754,78999.06437683105,2285
2MK.F,0.0,0.0,1746
2N2A.F,0.0,0.0,2285
2N8.SG,0.0,0.0,778
2NF.F,0.0,0.0,635
2NH.F,0.0,0.0,2285
2NP.F,0.0,0.0,1279
2OQ.F,0.0,0.0,1868
2OY.F,10218.600273132324,8314.884548187256,1825
2PG.F,0.0,0.0,2285
2PI.MU,0.0,0.0,2208
2PO.F,0.0,0.0,2285
2PQ.F,0.0,0.0,1840
2PU.F,0.0,0.0,2285
2QO.F,0.0,0.0,2285
2R7.F,0.0,0.0,1203
2RG.F,0.0,0.0,2285
2RJA.F,0.0,0.0,1848
2RM.F,0.0,0.0,2285
2S0.F,0.0,0.0,1689
2TG.F,0.0,0.0,1544
2TK.F,0.0,0.0,2285
2TY.F,0.0,0.0,1821
2U3.DE,0.0,13596.635173797607,1823
2U9.F,0.0,0.0,129
2UH0.F,0.0,0.0,2285
2V8.F,0.0,0.0,1864
2VO.SG,0.0,0.0,1592
2VSA.F,0.0,0.0,2285
2VZ.F,0.0,0.0,859
2WBA.SG,0.0,0.0,2285
2WSA.F,0.0,0.0,1972
2WZ.F,0.0,0.0,2285
2X0.DE,127.13828659057617,0.0,1591
2X1.SG,0.0,0.0,2235
2XD.F,0.0,0.0,1843
2XM0.F,0.0,0.0,1708
2XT.F,0.0,0.0,2285
2Y5.F,0.0,0.0,2000
2YN.F,0.0,0.0,728
2YP.F,0.0,0.0,1570
2ZP.F,0.0,0.0,2285
307.F,53456.24923706055,35362.89943695068,2285
30J.F,0.0,0.0,1736
31WN.F,0.0,0.0,2285
32RD.F,0.0,0.0,1203
334.F,0.0,0.0,1454
3350.F,0.0,0.0,1223
3371.F,0.0,0.0,2285
33B.F,0.0,0.0,2285
33L.DE,291.3999938964844,41630.25,2285
34D.F,0.0,0.0,2285
34U.F,0.0,0.0,2285
34Z.F,0.0,0.0,1356
351.F,0.0,0.0,1706
354.F,0.0,0.0,2285
35G.F,0.0,0.0,2285
35U.F,0.0,0.0,1709
36E.F,0.0,0.0,1578
36K.F,0.0,0.0,1788
36N.F,0.0,0.0,1397
36Z.F,0.0,0.0,1308
37C.F,22.106520652770996,0.0,2285
37H.F,0.0,0.0,2285
38D.F,0.0,0.0,2285
38I.F,549.3000030517578,1507.3174858093262,2285
38P.F,0.0,0.0,2285
3920.F,0.0,0.0,575
398.F,0.0,0.0,960
39EA.F,2670.4862072467804,3384.8322689533234,1810
3A6.F,0.0,0.0,693
3A9.SG,776.0000228881836,501.24801206588745,585
3AD1.F,0.0,0.0,2029
3AM.F,0.0,0.0,1978
3BX.F,0.0,0.0,2285
3BY3.SG,0.0,0.0,2235
3C1.F,3127.265068054199,4791.159945964813,2285
3C3.F,0.0,0.0,1709
3CA.F,0.0,0.0,1306
3CJ.F,0.0,0.0,1988
3CN.F,0.0,0.0,97
3CP.F,185645.4334511757,407606.6906824112,1931
3D6.F,0.0,0.0,785
3E0.F,0.0,0.0,2004
3E1.DE,0.0,0.0,1271
3E2.F,0.0,0.0,289
3E4.F,0.0,0.0,2084
3E7.F,0.0,0.0,2285
3EC.F,0.0,2366.663314819336,2285
3FB.F,0.0,0.0,2285
3FF.F,0.0,0.0,2285
3FO.F,5474.333839416504,2947.657356262207,2285
3G0.F,0.0,0.0,2285
3GA.F,0.0,0.0,196
3GD.SG,0.0,0.0,2285
3HD.F,0.0,0.0,130
3HH.F,0.0,0.0,1048
3HM.DE,3159.847915649414,22051.563751220703,2284
3I0.SG,0.0,0.0,787
3I5.F,0.0,0.0,1887
3I6.F,0.0,0.0,1003
3IC.F,0.0,0.0,2285
3IW.F,0.0,0.0,2285
3K2.F,0.0,0.0,1707
3KO.F,0.0,0.0,1795
3L3.F,0.0,0.0,2083
3L50.F,0.0,0.0,1600
3L7A.F,0.0,0.0,2285
3LN.DE,0.0,0.0,1682
3LO.F,0.0,0.0,1620
3O40.F,0.0,0.0,2285
3O8.F,0.0,0.0,2285
3OY1.SG,0.0,0.0,2285
3P7.DE,0.0,0.0,1403
3PC.F,0.0,0.0,2285
3PK.F,0.0,0.0,1514
3PL.F,0.0,0.0,2285
3PY3.F,0.0,0.0,2285
3QD.DE,21773.51985168457,34023.20105743408,1378
3RB0.F,42305.21152496338,12620.74506187439,2285
3RCA.F,0.0,0.0,2285
3RL.F,0.0,0.0,2285
3S9.DE,198.47999954223633,0.0,1386
3SX.F,0.0,0.0,1169
3T4.F,0.0,0.0,2285
3TY.F,0.0,0.0,2285
3U6.F,734.9153823852539,2018.7148189544678,2285
3U8.F,99.05000030994415,0.0,1676
3UE.F,0.0,0.0,352
3UF.F,0.0,0.0,2285
3UN0.SG,0.0,0.0,993
3UX.F,15021.570031642914,11463.056618213654,632
3V64.DE,449903.82189941406,387662.3445739746,2285
3VG.F,0.0,0.0,1416
3VU.F,0.0,0.0,2285
3WG.F,0.0,0.0,1340
3Y0.F,0.0,0.0,565
3YL.F,0.0,0.0,1277
3YZ.F,0.0,0.0,1331
3ZT.F,0.0,0.0,1623
41I.F,0.0,0.0,1625
41L.F,0.0,0.0,2285
41X.F,0.0,0.0,2285
42S.F,0.0,0.0,1625
FOO.DE,258972.95181274414,610924.224533081,2285
42Z.F,0.0,0.0,1612
43C.F,0.0,0.0,2115
43D.F,0.0,0.0,2285
43Z.F,624.3399810791016,0.0,747
44C1.F,0.0,0.0,2285
44Y.F,0.0,0.0,1307
45C.F,33462.30088806152,81302.9008026123,1782
45R0.SG,0.0,0.0,744
45T.F,0.0,0.0,1617
45U0.SG,0.0,0.0,565
46K.F,0.0,0.0,1743
46T.SG,0.0,0.0,1481
47O.F,0.0,0.0,1150
47R.F,0.0,0.0,1287
483.F,0.0,0.0,397
485B.F,0.0,0.0,2285
487.F,0.0,0.0,1619
48D.F,5156.400146484375,3471.1499633789062,2285
48H.F,0.0,0.0,1200
48K.F,0.0,0.0,2285
49F.SG,0.0,0.0,1544
49J.F,0.0,0.0,249
49Q.F,0.0,0.0,409
49V.F,0.0,52005.080825805664,1612
4A3.F,1369.5000171661377,0.0,1514
4AB.F,20988.473541259766,15097.730567932129,2285
4AJ0.F,0.0,0.0,2285
4BE.F,0.0,0.0,2285
4BV.SG,0.0,0.0,2285
4BY.F,5495.336391568184,10277.539557218552,2285
4C0.F,0.0,0.0,2285
4CU.F,0.0,8725.750122070312,2285
4DH.F,0.0,0.0,2285
4DN.F,0.0,0.0,2089
4E2.F,0.0,0.0,384
4F1.F,0.0,0.0,2285
4F31.F,0.0,0.0,2285
4FAP.F,0.0,0.0,2285
4GC.F,0.0,0.0,2285
4H3A.F,0.0,0.0,2285
4HE0.F,0.0,0.0,1199
4HM.F,0.0,0.0,2285
4HU.F,0.0,0.0,281
4I1.DU,0.0,0.0,2285
4IH.F,0.0,0.0,2193
4IIA.F,0.0,0.0,2006
4IT.F,0.0,0.0,349
4IV.F,0.0,0.0,2285
4J2.SG,0.0,0.0,2285
4JB.F,0.0,0.0,1118
4JMA.F,2303.9999389648438,469.9999988079071,1821
4K8.F,0.0,0.0,1361
4KB.F,0.0,0.0,1936
4LG.F,0.0,0.0,1980
4LL.SG,1899.099941253662,340.03849959373474,2235
4LN2.F,0.0,0.0,2285
4M2B.F,0.0,0.0,844
4M7A.F,0.0,0.0,2285
4MD.F,0.0,0.0,2285
4MGN.F,0.0,0.0,2285
4MI.F,0.0,0.0,2285
4MNA.F,0.0,0.0,2285
4NK.F,0.0,0.0,1554
4OQ1.F,1818.8299870491028,11764.040835857391,2285
4P0.F,0.0,0.0,2285
4PG.F,0.0,0.0,1577
4Q01.F,0.0,0.0,1578
4QK.F,0.0,0.0,2285
4QT1.F,0.0,0.0,2285
4RB.F,0.0,0.0,1578
4RE.F,0.0,0.0,2285
4RH.F,0.0,0.0,2285
4RO.F,0.0,0.0,2191
4RX0.F,0.0,0.0,2285
4RY.F,0.0,0.0,1562
4S0.DE,138334.7993659973,227437.19646453857,1360
4SB.F,0.0,0.0,2285
4SK.F,0.0,0.0,2285
4SP.F,0.0,0.0,2285
4TZ.F,0.0,0.0,1562
4U4.F,0.0,0.0,632
4V1.F,0.0,0.0,2285
4VK.F,0.0,0.0,2285
4W9.F,0.0,0.0,1550
4X0.DE,470375.93421936035,470375.93421936035,408
4XB.F,0.0,0.0,2285
4Y4.F,0.0,0.0,1359
4YJ0.F,0.0,0.0,1536
4ZG.F,0.0,0.0,1372
4ZL.F,0.0,0.0,842
4ZM.F,0.0,0.0,270
4ZT0.F,0.0,0.0,1391
50BA.F,0.0,0.0,1795
50R.F,0.0,0.0,1304
51J.SG,0.0,0.0,613
51L.F,0.0,0.0,1578
526.F,3572.4998474121094,6288.890045166016,2195
52C.F,0.0,0.0,2022
52K.F,0.0,0.0,1304
52SA.F,0.0,0.0,2285
53U.F,0.0,0.0,2052
541.F,0.0,0.0,2134
547A.F,0.0,0.0,2008
54E.F,0.0,0.0,2285
54F.F,0.0,0.0,2285
55I0.F,0.0,0.0,1461
55O1.SG,0.0,0.0,2235
56X.F,0.0,0.0,1495
5711.F,0.0,0.0,2285
57L.MU,89.19000029563904,28.79824936389923,618
57T.F,0.0,0.0,1381
58I1.F,0.0,0.0,2285
58R.F,0.0,0.0,1382
59P.F,0.0,0.0,1805
59Z.F,0.0,0.0,1506
5BG.F,8581.972360610962,12088.97216963768,2285
5BP.F,0.0,0.0,1264
5BU0.F,0.0,0.0,890
5D4.F,0.0,0.0,2285
5E2.F,0.0,0.0,2276
5E6.F,0.0,0.0,307
5EA.F,0.0,0.0,1916
5EP.F,0.0,0.0,584
5F6.F,0.0,0.0,1505
5FG.F,0.0,0.0,2285
5GD.F,0.0,0.0,2285
5GH.F,0.0,0.0,1415
5H1.F,0.0,0.0,1233
5IA.F,0.0,0.0,1493
5ILA.F,0.0,0.0,2285
5IX.F,0.0,0.0,1303
5KH.F,0.0,0.0,1495
5LF.F,0.0,0.0,110
5M0B.F,0.0,0.0,2285
5MO.SG,0.0,0.0,1118
5MU.F,0.0,0.0,1489
5NQ.F,0.0,0.0,1306
5OV0.F,0.0,0.0,726
5P1.SG,0.0,0.0,2235
5PT.F,0.0,0.0,1032
5Q5.F,19347.779609680176,19619.939979553223,1464
BY6.F,718804.0878276825,1172213.4870672226,2285
OFK.F,0.0,0.0,2285
5Q8.F,0.0,0.0,2285
5QG.F,0.0,0.0,938
5QQ.F,939.9999618530273,0.0,1157
5R01.F,0.0,0.0,265
5RO.F,0.0,0.0,1333
5U2.F,0.0,0.0,536
5VA.F,0.0,0.0,1460
5WC.F,0.0,0.0,586
5WD.F,0.0,0.0,2285
5WK0.F,0.0,0.0,1373
5XU.F,0.0,0.0,1340
5YM.F,0.0,0.0,1453
5ZM.F,7520.580139160156,1367.6999740600586,1819
60N.F,0.0,0.0,2029
60W.F,0.0,0.0,116
61MA.F,0.0,0.0,1577
61P.F,0.0,0.0,2285
61W.F,0.0,0.0,511
62M.F,0.0,0.0,2285
639.DE,418588.0,468304.5702819824,573
63G.F,0.0,200.76171875,2160
64N.SG,0.0,0.0,1125
65C.F,0.0,0.0,2285
669.F,5252.548868179321,16088.00501871109,1370
66T.SG,0.0,0.0,2235
68F.F,0.0,0.0,1357
68H.F,0.0,0.0,1357
68M.F,0.0,0.0,2285
68V.SG,0.0,0.0,2235
69Q.F,0.0,0.0,1028
6A3A.F,0.0,0.0,2001
6AA0.F,0.0,0.0,2285
6B0.F,8853.65019607544,25664.454987049103,1189
6BD0.F,0.0,0.0,2285
6BF.SG,0.0,0.0,2235
6BP0.F,0.0,0.0,1218
6BW.F,0.0,0.0,1609
6C1.F,0.0,0.0,2285
6C2.F,0.0,0.0,1456
6CL.F,0.0,0.0,2285
6CP.F,0.0,0.0,1429
6D81.F,8784.907150268555,61.61364936828613,2285
6DU.F,0.0,0.0,2285
6EQ.F,374.50626373291016,277.77972507476807,1692
6F1.F,0.0,0.0,2285
6FE0.F,0.0,0.0,1206
6FHA.F,0.0,0.0,1686
6GE.F,0.0,0.0,2285
6GI.F,0.0,0.0,2285
6HV1.F,0.0,0.0,396
6I4.F,0.0,0.0,1306
6IO.F,0.0,0.0,2285
6IVA.F,0.0,0.0,1510
6IY.F,0.0,0.0,1239
6JR.F,0.0,0.0,1428
6JS.SG,0.0,0.0,898
6KP.F,0.0,0.0,1176
6L8.F,0.0,0.0,2285
6LA.F,0.0,0.0,2285
6LD1.F,0.0,0.0,2285
6MA.F,0.0,0.0,1933
6MK.DE,103250.7746887207,157578.10535430908,2285
6ML0.F,0.0,0.0,1272
6N5.F,0.0,0.0,1278
6NA.SG,0.0,0.0,2235
6NCA.F,0.0,0.0,1502
6NEA.F,0.0,0.0,1235
6OM.SG,0.0,0.0,1984
6OVA.F,0.0,0.0,2082
6PP.F,0.0,0.0,2285
6PU.SG,0.0,0.0,2235
6Q40.F,0.0,0.0,360
6Q81.F,0.0,0.0,937
6R9.F,0.0,0.0,173
6RL.F,0.0,0.0,1541
6RR.F,0.0,0.0,1738
6T6.F,0.0,0.0,1272
6TF0.SG,0.0,0.0,985
6TS.F,0.0,0.0,596
6VH.F,0.0,0.0,1180
6VY.F,0.0,0.0,1274
6W7.F,0.0,0.0,1494
6XV.F,0.0,0.0,814
6YE.F,0.0,0.0,798
6YG.F,0.0,0.0,1362
6YK0.F,0.0,0.0,1307
6Z1.DE,114110.66062927246,54784.62068939209,1392
6Z4.F,0.0,0.0,2006
6Z8.MU,0.0,0.0,297
6ZZ.F,0.0,0.0,673
700.HM,0.0,0.0,1342
703.F,609.7499847412109,0.0,2083
71Y.F,0.0,0.0,1127
724.DE,34830.308544158936,38490.74954319,1328
72R.F,0.0,0.0,552
735.F,0.0,327.10004806518555,1394
73GN.F,0.0,0.0,2285
74Z.F,0.0,0.0,1259
752.F,0.0,0.0,392
75V.F,0.0,0.0,838
76L.SG,0.0,0.0,2156
76N.F,0.0,0.0,1378
77F.F,0.0,0.0,197
788.F,1963.2599811553955,2067.1199798583984,1334
78W.F,0.0,0.0,1189
78Y.F,0.0,0.0,1178
7A2.F,0.0,152.52780508995056,2285
7AA.F,0.0,0.0,2285
7AT.F,0.0,0.0,2285
7B1.F,0.0,0.0,2080
7CA.F,0.0,0.0,2285
7CI.F,1304.7999739646912,0.0,2145
7CY.SG,0.0,0.0,1149
7DB.DE,5518.76167678833,1723.7479705810547,910
7DF.F,0.0,0.0,1200
7DG.MU,0.0,0.0,2285
7DY.F,0.0,0.0,215
7EJ.F,0.0,0.0,1206
7EL.F,0.0,0.0,2285
7EVB.F,0.0,0.0,2285
7EX.F,0.0,0.0,2285
7F0.F,0.0,0.0,2026
7FA0.F,0.0,0.0,311
7GA.F,0.0,0.0,2285
7GZ.F,0.0,0.0,1203
7H6.F,0.0,0.0,741
7J70.F,10271.850277900696,10271.850277900696,143
7JK.F,0.0,0.0,1304
7K6.F,0.0,0.0,195
7KN.F,0.0,0.0,70
7LB.F,0.0,0.0,1557
7M1.F,0.0,0.0,1870
7M20.SG,0.0,0.0,1869
7NV.F,0.0,0.0,2185
7OK.F,0.0,370.2489414215088,1579
7P2.F,0.0,0.0,1294
7PI.SG,0.0,0.0,2235
7PV.F,4312.620071411133,3572.9399852752686,679
7QD.F,0.0,0.0,1266
7QG.F,0.0,0.0,1169
7R8.F,0.0,0.0,2004
7RM.F,29805.120809555054,29805.120809555054,129
7SP.F,0.0,0.0,1342
7T2.F,0.0,0.0,2052
7T4.F,0.0,0.0,2006
7U7.F,0.0,0.0,1189
7UB.F,0.0,0.0,2274
7US.F,36030.0,36030.0,151
7VS.F,0.0,0.0,1614
7W71.SG,0.0,0.0,586
7XC.SG,0.0,0.0,605
7XU.F,3730.4119691848755,4226.305023193359,1174
7XY.F,0.0,0.0,1290
801.F,0.0,0.0,168
80Q.F,0.0,0.0,1008
80T.F,0.0,0.0,1342
813.F,0.0,0.0,2088
81N.F,0.0,0.0,1333
82P.F,0.0,0.0,2285
830.F,0.0,0.0,1156
83A.F,0.0,0.0,1401
83PN.F,0.0,0.0,2285
847.F,892.968692779541,6091.376495361328,2285
852.F,0.0,0.0,1225
855.F,6494.225044250488,5054.235008239746,1226
85S.F,0.0,0.0,2285
86P.F,0.0,0.0,1306
871.F,0.0,0.0,1179
87N.MU,0.0,0.0,1253
87S.F,0.0,0.0,1194
889.F,0.0,0.0,1394
88E.F,0.0,0.0,2193
88F.F,0.0,0.0,186
88L.F,0.0,0.0,1195
8A0.F,0.0,0.0,2285
8AHB.F,0.0,0.0,2285
8AP.F,0.0,0.0,2285
8AT.F,0.0,0.0,2285
8BU.F,0.0,84.97511672973633,2285
8C5.SG,0.0,0.0,176
8CF.F,11196.41979598999,15594.610187530518,1395
8EM.F,266.3999938964844,0.0,2285
8EQ.F,0.0,0.0,1240
8FR.F,0.0,0.0,1236
8FS.MU,0.0,0.0,1968
8GB.F,0.0,0.0,2285
8GC.SG,16033.008641004562,21510.960249900818,2283
8GM.DE,24275.02271270752,11931.199947357178,2285
8H0.F,0.0,0.0,286
8H1.F,0.0,0.0,2285
8HH.F,0.0,0.0,2285
8I2.F,0.0,0.0,1294
8IF1.F,0.0,0.0,2285
8IG.SG,0.0,0.0,2285
8II.F,0.0,0.0,1326
8JF.SG,0.0,0.0,565
8JI.F,0.0,0.0,1285
8JM.F,0.0,0.0,1317
8JN.F,0.0,0.0,991
8JO1.F,0.0,0.0,1179
8JQ.F,0.0,0.0,1267
8K2.F,0.0,0.0,500
8KO.F,0.0,0.0,1055
8KR.F,0.0,0.0,1618
8L8C.F,0.0,0.0,2285
8LCA.F,0.0,0.0,2285
8NE.F,0.0,0.0,2285
8OE.F,0.0,0.0,270
8OZ.SG,0.0,0.0,2285
8PV.SG,0.0,0.0,67
8QA.F,0.0,0.0,1265
8QB0.F,0.0,0.0,897
8QJ.F,0.0,0.0,784
8QP.F,0.0,0.0,1379
8QQ.F,0.0,0.0,1392
8RC.F,0.0,0.0,2285
8RJ.F,0.0,0.0,1810
8S30.F,0.0,0.0,2285
8SF.F,0.0,0.0,2285
8SO.F,0.0,0.0,1998
8SX0.F,0.0,0.0,2266
8T8.F,0.0,0.0,730
8TC.F,0.0,608.4661264419556,2285
8TI.MU,0.0,0.0,2285
8TRA.DE,1741898.1088027954,4136817.3530979156,1771
8TY0.F,0.0,0.0,552
8W3.F,0.0,0.0,126
8XC0.F,0.0,0.0,2285
8XP.F,977.999997138977,8177.549989938736,891
8Z4.F,0.0,0.0,1168
8ZI.F,0.0,0.0,2285
8ZQ.SG,0.0,0.0,2285
90B.F,0.0,0.0,732
90E.F,0.0,0.0,1014
910.F,0.0,0.0,2285
918.F,0.0,0.0,2285
92K.F,1680.0,0.0,2285
9301.F,0.0,0.0,286
938.F,0.0,0.0,1277
93N.F,0.0,0.0,1225
940.F,527.7919909954071,99.38999962806702,1048
960.F,0.0,0.0,2285
96S.F,0.0,0.0,2285
978.F,0.0,0.0,1357
97S.F,0.0,0.0,2285
98K.F,0.0,0.0,1377
98M.F,0.0,0.0,2285
98P.F,0.0,0.0,2285
98W.F,9290.699787139893,9290.699787139893,379
99C.F,0.0,0.0,1400
9A1.F,0.0,0.0,2285
9A2.SG,182.45866298675537,4210.861248970032,2235
9AS.F,0.0,0.0,1988
9AX.F,0.0,0.0,2285
9AY.F,0.0,0.0,1198
9B4.F,0.0,0.0,1301
9BFA.F,0.0,0.0,1910
9CF.F,0.0,10078.097686767578,2285
9CI0.F,0.0,0.0,1315
9E2.F,0.0,0.0,1287
9EE.F,0.0,207.44442892074585,1400
9EH.F,0.0,0.0,2285
9EN.F,0.0,0.0,1359
9EP.F,0.0,0.0,2285
9F7.F,0.0,0.0,1350
9FM.F,0.0,0.0,1342
9FZ.F,0.0,0.0,1178
9HA.F,0.0,0.0,618
9IRA.SG,0.0,0.0,2285
9J3.F,0.0,0.0,321
9J7.F,0.0,0.0,1270
9JD.F,0.0,0.0,2090
9JL.DU,0.0,0.0,589
9LB.F,0.0,0.0,1412
9LH.F,0.0,0.0,1287
9MIB.F,0.0,1900.200038909912,2285
9MW.SG,0.0,24172.539749145508,2285
9NF.F,0.0,0.0,2285
9O1.F,0.0,0.0,596
9OI.F,0.0,0.0,2006
9P4.F,0.0,0.0,1317
9PC.F,0.0,0.0,1288
9PDA.SG,5105.999908447266,4560.25,1994
9PT.F,0.0,0.0,1536
9QP.F,0.0,0.0,1270
9RS.F,0.0,0.0,2285
9SH.F,0.0,0.0,2285
9SI.F,0.0,0.0,1977
9TA1.F,0.0,0.0,2285
9TF.F,0.0,0.0,2285
9UA.F,0.0,0.0,1081
9UV.F,9707.015972137451,11963.958086967468,1313
9VP.F,0.0,0.0,1344
9X8.F,0.0,0.0,808
9YM.F,0.0,0.0,1247
9ZX0.F,2898.0,568.2899932861328,1293
9ZY.F,0.0,0.0,1173
A16.F,0.0,0.0,2285
A19.F,0.0,0.0,1624
A1G.DE,31775.992755889893,55634.34693861008,2285
A1Q.F,0.0,0.0,255
A2P.F,0.0,0.0,577
A2X.F,0.0,0.0,1061
A35.F,0.0,0.0,2285
A39.F,0.0,0.0,1555
A3B.F,0.0,0.0,2285
A3I.F,0.0,0.0,2285
A441.DE,3643.943359375,3643.943359375,141
A4N4.F,566.1000165939331,191.40000343322754,1012
A531.F,0.0,0.0,2285
A58.DE,0.0,0.0,2284
A59.F,0.0,0.0,2285
A5G.F,0.0,0.0,2285
A61.F,0.0,0.0,2285
A6N.F,0.0,0.0,737
A781.F,0.0,0.0,2285
A89.F,0.0,0.0,2285
A8B.F,0.0,0.0,2285
A980.F,0.0,0.0,837
AA9.F,0.0,0.0,2285
AACA.SG,0.0,0.0,2285
AAG.DE,297062.67468452454,108666.16126060486,2285
AB2A.F,0.0,0.0,1061
AB3A.F,0.0,0.0,2285
ABE0.SG,0.0,0.0,565
ABEC.F,142526.48448944092,182672.53238677979,2285
ABG.F,0.0,0.0,2285
ABR0.DE,1266693.973739624,1086837.5263023376,2285
ABS2.DE,4545.287296772003,20744.805284500122,2148
AC1.F,0.0,0.0,2285
ACD.F,0.0,0.0,2285
ACE1.F,0.0,0.0,2285
ACJ.F,0.0,0.0,2009
ACO4.F,0.0,1201.7863988876343,2285
ACR.F,0.0,0.0,2285
ACT.DE,60246.40576171875,2268763.121673584,2285
ADB.SG,29377.801391601562,26347.050170898438,2285
ADE.DE,601915.9094810486,732723.3026218414,2248
ADG.F,1178.245849609375,512.6730623245239,2285
ADH2.F,0.0,0.0,2285
ADM.SG,0.0,1152.0653038024902,2285
ADP.F,1139.5011291503906,7174.515090942383,2285
ADS.DE,108843706.97476196,85922689.34585571,2285
ADV.DE,528144.4987626076,139436.56116962433,2285
AE4.F,0.0,0.0,2285
AE9.F,19448.962741851807,66822.88226699829,2285
AEC1.DE,59333.31750488281,88942.76097106934,2285
AEO.F,0.0,0.0,2285
AES.F,0.0,980.8715753555298,2285
AEU.DE,83239.19494628906,83239.19494628906,195
AEX.F,0.0,0.0,2006
AF8.F,0.0,0.0,1869
AFL.F,0.0,0.0,2285
AFS.F,0.0,0.0,2285
AFT.F,0.0,0.0,2285
AFW.MU,0.0,0.0,2130
AG1.DE,4529784.608692169,7151063.805390358,1366
AGB2.F,0.0,0.0,2285
AGH.F,0.0,0.0,2285
AGJ.F,0.0,0.0,2285
AHV.F,0.0,0.0,2285
AI3A.DE,0.0,8423.79641342163,2285
AI7.F,0.0,0.0,2285
AIL.MU,0.0,0.0,2285
AINN.F,0.0,0.0,2285
AIR.DE,23144870.01763916,40272333.439193726,2285
AIXA.DE,11134589.846992493,11074023.682763577,2285
AJ3.SG,0.0,0.0,2283
AJY.SG,0.0,0.0,1004
AK1.F,0.0,0.0,2285
AK3.F,3729.4998168945312,0.0,2285
AKA.F,0.0,0.0,2285
AKG.F,0.0,0.0,2285
AKU1.DE,9296.650018692017,9296.650018692017,146
ALD.DE,3712.712173461914,49771.62873840332,2285
ALE.SG,0.0,0.0,2285
ALK.F,0.0,0.0,2285
ALS.DE,0.0,0.0,2284
ALV.DE,152508871.3256836,175494982.11643982,2285
ALZC.SG,0.0,0.0,2285
AMC.MU,0.0,0.0,1765
AMD.F,155733.5,302086.42626953125,2285
AMG.F,25753.13735961914,20457.535301208496,2285
AMS1.F,0.0,501.650013923645,2285
AMV0.DE,6198725.375709534,6198725.375709534,187
AMZ.DE,8172683.879142761,8020312.703872681,2285
AN6.F,0.0,0.0,2197
AND.F,0.0,0.0,548
ANI.DE,347.9375,1779.8836936950684,1157
ANL.DE,0.0,3555.234016418457,1657
ANP.F,0.0,0.0,2285
ANU.F,0.0,0.0,2285
ANWA.F,0.0,0.0,1533
AOA.F,0.0,0.0,2285
AOC.F,0.0,0.0,2285
AOMD.F,5132.403980255127,3191.400032043457,2285
AOO.F,0.0,0.0,2285
AOR.SG,0.0,0.0,2285
AOS.F,0.0,0.0,2285
AOY.F,0.0,0.0,2285
AP2.DE,85202.82357788086,169443.2407913208,2285
AP4N.F,10398.16032409668,36493.73599100113,2285
AP7.F,0.0,0.0,2285
APC.SG,390407.92671203613,324876.6706237793,2285
APE1.F,0.0,0.0,1388
APL.F,0.0,0.0,2285
AQ3.F,0.0,0.0,2285
AQ8.SG,0.0,0.0,2285
AQY.F,0.0,0.0,2285
ARC.F,0.0,5901.891495227814,2285
ARRD.DU,0.0,0.0,2285
ARRJ.F,0.0,0.0,2285
ARW.F,0.0,0.0,2285
ARZ.F,0.0,0.0,2285
AS3.F,0.0,0.0,2285
AS4.MU,0.0,0.0,2285
BL8.F,0.0,0.0,2285
ASF.F,0.0,0.0,2285
ASME.DE,1247670.641784668,4383463.760772705,2285
AT1.DE,11132126.968774796,5218315.156539917,2285
ATD.F,0.0,0.0,2285
ATQP.F,0.0,0.0,2285
AUD.DE,0.0,14287.514953613281,1513
AUS.F,6698.7988567352295,5119.644997119904,2285
AV3.F,0.0,0.0,2285
AV6.F,0.0,0.0,2285
AWC.F,6519.101676940918,3326.0213928222656,2285
AWG.F,0.0,0.0,2285
AWM.DE,0.0,0.0,2279
AWN.F,0.0,0.0,2285
AXA.DE,468619.88176727295,652293.4819946289,2285
AXF1.F,0.0,0.0,2285
AXI1.F,4806.595916748047,20318.55522918701,2285
AXJ.F,0.0,0.0,2057
AXNA.SG,0.0,0.0,2283
AXV.F,0.0,0.0,2285
AY1.F,0.0,0.0,2285
AY7A.SG,0.0,0.0,2285
AYB.F,0.0,0.0,2285
AYJ.F,14978.399276733398,20517.58947467804,2285
AZ2.DE,25241.50276184082,38652.869859695435,2285
AZ4N.F,0.0,0.0,2005
AZ5.F,0.0,0.0,2285
AZK0.F,0.0,0.0,1264
AZU.F,0.0,0.0,2285
B0F.F,0.0,0.0,1098
B0Z.SG,0.0,0.0,660
B1B.F,51.229817390441895,41.08818340301514,538
B1C.F,123668.39755249023,98477.99903488159,2285
B1Q.F,0.0,0.0,1290
B1V1.F,0.0,0.0,2006
B2W.F,0.0,0.0,2231
B3H.F,0.0,0.0,2285
B3K.SG,0.0,0.0,2285
B3O.F,0.0,0.0,2285
B4F.F,0.0,0.0,2285
B4M1.F,0.0,0.0,2285
B6E.F,0.0,0.0,2285
B7A.F,0.0,0.0,2285
B7U.F,0.0,0.0,2285
B81.F,0.0,0.0,1105
B8S.F,0.0,0.0,70
B9A.F,0.0,0.0,1933
B9W.F,0.0,0.0,2006
BA3.F,0.0,0.0,2285
BAC.DE,112544.91115951538,157096.90071487427,2285
BAK.F,0.0,0.0,2285
BAQ.F,0.0,0.0,1374
BAS.DE,107478122.0538063,96930892.63754654,2285
BAYN.DE,129394354.99608994,75537049.54449463,2285
BB1.F,0.0,0.0,2285
BB4.F,0.0,0.0,2285
BBDC.F,15243.75057220459,7607.289932250977,2285
BBN1.F,6745.0653076171875,9440.285865783691,2285
BC0.F,0.0,0.0,2285
BC8.DE,7145410.621295929,6883755.1547756195,2285
BCE1.F,0.0,0.0,2285
BCJ.F,0.0,0.0,2285
BCLN.F,0.0,0.0,1990
BCO.MU,0.0,0.0,2285
BCV.F,0.0,0.0,2285
BCY.F,1749.2369413375854,1797.8986203670502,2285
BDO.F,0.0,0.0,2285
BDSB.DE,28301.43511033058,28301.43511033058,98
BDT.DE,252721.7276763916,140373.42965221405,2285
BDU.F,0.0,0.0,2285
BE4A.F,0.0,0.0,2285
BEI.DE,30019265.804626465,29040848.49256897,2285
BEM.F,0.0,0.0,2285
BEW.F,0.0,0.0,2285
BF5A.F,0.0,0.0,2088
BFSA.DE,1736429.7302017212,1621584.5372829437,2148
BGJ.F,0.0,0.0,2285
BGLA.SG,0.0,0.0,2285
BGW.F,0.0,0.0,2285
BHI.F,0.0,0.0,2285
BHJC.F,0.0,0.0,2285
BHP.SG,0.0,0.0,2285
BIC.F,0.0,0.0,1203
BIF.F,0.0,0.0,2285
BIJ.DE,75990.17755126953,104897.2308921814,2285
BIV.F,2706.000018119812,2706.000018119812,166
BJX1.F,0.0,0.0,2285
BK2.F,0.0,0.0,2285
BKD.F,0.0,0.0,2285
BKHT.DE,36354.94261741638,68149.1991147995,1510
BKJ.F,0.0,0.0,2285
BKMA.F,0.0,0.0,2006
BL9B.F,0.0,0.0,2285
BM8.F,0.0,0.0,2285
BMT.SG,27306.425106048584,51081.33962059021,2285
BMU.F,0.0,0.0,2285
BMW.DE,76103963.41226196,74997681.33565521,2285
BMW3.DE,3767347.0290374756,4510248.002937317,2285
BNF.F,0.0,0.0,2285
BNK.F,0.0,0.0,2285
BNR.DE,15748967.06048584,14711430.148334503,2285
BNU.F,0.0,0.0,2285
BO1.F,0.0,0.0,2285
BO4.F,0.0,0.0,2285
BO8.F,0.0,0.0,2285
BO9.SG,0.0,0.0,2235
BOA.F,0.0,0.0,2285
BOF.SG,0.0,0.0,2285
BOK.F,0.0,0.0,2285
BOO.F,0.0,0.0,2285
BOP.F,0.0,0.0,2285
BOSS.DE,14532135.63546753,11685411.733045578,2285
BOV.F,0.0,0.0,2285
BOX.F,7466.451187133789,1839.9291458129883,2285
BOY.DE,27119.75285768509,77237.23355150223,2285
BP2A.SG,0.0,0.0,2235
BPM.MU,0.0,0.0,2285
BR30.F,530.2500128746033,532.62500166893,515
BROC.F,0.0,0.0,2260
BRP.F,0.0,0.0,2285
BRU.F,0.0,0.0,2285
BRYN.F,300831.0,501577.18533325195,2285
BRZ0.F,0.0,0.0,1312
BSD.F,0.0,0.0,232
BSFA.F,0.0,0.0,2285
BSL.DE,269652.79026031494,185849.23232460022,2285
BSN.SG,17365.97975921631,12200.165176391602,2285
BT3.F,0.0,0.0,2285
BTL.F,0.0,0.0,2285
BTW.F,0.0,0.0,2285
BUHA.F,0.0,0.0,2006
BUI.F,0.0,0.0,2285
BUOB.F,0.0,0.0,2285
BUW.F,0.0,0.0,1378
BUY.F,0.0,0.0,2285
BV0.F,0.0,0.0,2285
BV3.DU,0.0,0.0,1276
BV4.F,0.0,0.0,1382
BVB.DE,877863.6331071854,370512.1205753088,2285
BW3.F,0.0,1742.1282863616943,2285
BWB.DE,14841.262493133545,26517.280539512634,2285
BWI.F,0.0,0.0,2285
BWJ.SG,0.0,0.0,2283
BX7.F,0.0,0.0,2285
BYG.F,0.0,0.0,2285
BYNN.F,0.0,2528.4037590026855,2285
BZ1.F,0.0,0.0,2285
BZ3.SG,0.0,0.0,944
BZ4.F,0.0,0.0,2140
BZ9.F,0.0,0.0,2285
C15.F,0.0,0.0,2285
C17.F,0.0,0.0,553
C1C1.SG,0.0,0.0,2285
C1P.F,0.0,0.0,2285
C2H.F,0.0,0.0,2285
C4G0.F,0.0,0.0,2285
C520.F,0.0,0.0,2285
C57.SG,0.0,0.0,1825
C61.DU,0.0,0.0,1266
C6F.F,0.0,0.0,971
C6G.MU,0.0,0.0,2285
C6K0.F,0.0,0.0,2072
C6V.F,0.0,0.0,2285
C7A0.F,90798.75716590881,90798.75716590881,274
C7C1.F,0.0,0.0,1810
C7G.F,0.0,0.0,2285
C7N.F,0.0,0.0,2285
C7T.F,0.0,0.0,2285
C83.F,0.0,0.0,2285
C9F.DE,0.0,1771.7050323486328,1795
C9N0.F,0.0,0.0,1625
CA8A.F,0.0,0.0,2285
CAD.F,0.0,0.0,2285
CAO.F,0.0,0.0,2285
CAR.MU,0.0,0.0,2285
CAT1.DE,67576.09985351562,148329.53030395508,2285
CBE.F,0.0,0.0,2285
CBGB.F,0.0,0.0,2285
CBHD.F,5500.909423828125,5708.699268341064,2285
CBK.DE,57424112.843592644,92301243.63720703,2285
CBO0.F,0.0,0.0,2285
CBT.F,0.0,0.0,2285
CC3.F,0.0,0.0,1847
CC5.F,0.0,0.0,2285
CCC3.DE,443439.172164917,528705.8985671997,2285
CCT.F,0.0,0.0,2285
CDM1.F,7053.703308105469,22761.306159496307,2285
CDS.DE,0.0,10204.20002746582,1493
CDW.F,0.0,0.0,2285
CE1.F,0.0,0.0,2285
CE9.F,0.0,0.0,2285
CEC.DE,2126852.100037575,779522.5421361923,2285
CEZ.F,0.0,3.0881786346435547,2285
CF2.F,0.0,0.0,2285
CFJ.F,0.0,0.0,1325
CFJA.DU,0.0,0.0,1622
CG5.F,0.0,0.0,2285
CGM.F,5156.297836303711,0.0,2285
CGN.SG,0.0,0.0,2285
CGZ.F,0.0,0.0,2285
CH1A.F,0.0,0.0,2285
CH2.F,6827.0,5490.615064620972,840
CH6.F,0.0,0.0,2285
CHO.F,0.0,0.0,1397
CHQ1.MU,0.0,0.0,2285
CHV.DE,158297.90632629395,306443.0760688782,2285
CHY.F,0.0,0.0,1871
CIE1.DE,0.0,80.22999954223633,1772
CIH.F,0.0,0.0,2285
CIS.DE,264055.4880218506,221968.04873657227,2285
CIT.DE,0.0,0.0,2279
CJ1.F,0.0,0.0,2285
CJ2.F,0.0,0.0,1129
CJ6.F,38299.961669921875,93086.2130241394,2285
CJ8A.F,0.0,0.0,2148
CJA1.F,0.0,0.0,1358
CJVA.F,0.0,0.0,185
CK0.SG,0.0,0.0,2235
CK3.F,0.0,0.0,2276
CKR.DU,0.0,0.0,300
CKX.F,0.0,0.0,1024
CL2.F,0.0,0.0,2285
CLH.F,0.0,0.0,2285
CLIQ.DE,124764.2673611641,26904.340170025826,2285
CLRN.MU,0.0,0.0,2285
CM2.F,0.0,0.0,2285
CM8.F,0.0,0.0,2285
CMAB.F,0.0,0.0,2285
CMS.F,0.0,0.0,2285
CMZ.F,0.0,0.0,2285
CN2.F,0.0,0.0,2285
CN7.F,0.0,0.0,2285
CNH.F,0.0,0.0,2285
CO3A.SG,0.0,0.0,1817
CO6.SG,0.0,0.0,2058
CO8.F,0.0,0.0,795
COF.F,0.0,0.0,2285
COK.DE,3030649.428009033,1481347.4939308167,2285
CON.DE,36803513.11016464,24797193.239700317,2285
COS.F,0.0,0.0,2285
COY.DE,0.0,0.0,2279
COZ.F,0.0,0.0,2285
CP5.F,0.0,0.0,2285
CPA.HM,0.0,0.0,2285
CPIA.F,0.0,0.0,1935
CPZ1.F,0.0,0.0,2285
CQD.DE,0.0,0.0,1697
CQY.F,0.0,0.0,2038
CR6.F,12607.909776687622,12607.909776687622,70
CRG.SG,0.0,0.0,2285
CRIN.F,18267.79395675659,54388.9330329895,2285
CRIP.SG,0.0,0.0,1895
CRLN.F,0.0,0.0,2006
CRS1.SG,0.0,0.0,2285
CRU.F,0.0,0.0,2285
CS7.F,0.0,0.0,2285
CSA.F,37250.7802734375,76362.14901733398,2285
CSC.DE,0.0,0.0,1795
CSF.F,8439.830101013184,44465.27275085449,2285
CSG.SG,0.0,0.0,1750
CSUA.F,0.0,0.0,2285
CT2.F,0.0,0.0,1344
CTO.DE,12086.224182128906,98558.5400390625,2285
CTP2.DE,2563.10831451416,11346.282559394836,2285
CTV.F,0.0,0.0,2285
CTW0.F,0.0,7703.25,2285
CU2.F,0.0,0.0,2285
CU3.F,0.0,0.0,2285
CUCA.F,0.0,0.0,2285
CUM.DE,0.0,0.0,2279
CUW.F,0.0,0.0,2285
CUX1.F,0.0,0.0,1488
CV0.F,0.0,2321.0899448394775,2285
CVA.F,0.0,0.0,2285
CVC1.SG,13270.553993225098,10654.093534469604,2284
CVS.DU,0.0,0.0,2285
CVZ.F,0.0,0.0,2285
CW2.F,0.0,0.0,2285
CW3.F,133.3782548904419,133.3782548904419,373
CWN.F,0.0,0.0,2285
CWT.F,0.0,0.0,2285
CX0.F,0.0,0.0,2285
CX91.F,0.0,0.0,2285
CXA.F,0.0,0.0,2285
CXD.F,0.0,0.0,2285
CXGH.SG,0.0,0.0,2285
CXR.DU,0.0,0.0,2285
CXU.DE,4250.0,20669.500968933105,1473
CXX.F,0.0,0.0,2285
CY2.F,2682.16495513916,7968.668109893799,2285
CY9D.F,0.0,0.0,2285
CYL.F,0.0,0.0,2285
CYTH.F,984.6879005432129,3718.3019230365753,2285
CZ2.SG,0.0,0.0,2235
CZH.F,0.0,0.0,2285
D00.F,0.0,0.0,2285
D1NC.F,0.0,0.0,2285
D2G.DE,63331.14582824707,115843.4332742691,1165
D2J.F,0.0,0.0,2004
D2MN.DE,0.0,0.0,1461
D41.F,0.0,0.0,143
D51.F,0.0,0.0,1632
D55.F,0.0,0.0,888
D630.F,0.0,0.0,300
D69.SG,0.0,0.0,2285
D6H0.F,519.5099258422852,0.0,2285
D8EN.F,0.0,0.0,2285
D8K.F,0.0,0.0,2285
D8Y.F,18344.488357543945,18344.488357543945,286
D9C.F,0.0,0.0,1140
D9W.F,0.0,0.0,2285
D9Z.SG,0.0,0.0,2285
DA3.F,0.0,0.0,2285
DAP.DE,66128.19506835938,82804.81204223633,2285
DAS0.F,0.0,0.0,136
DAU0.F,0.0,3146.1407470703125,2285
DB0.F,0.0,0.0,491
DB1.DE,56832013.27965546,73576895.99598694,2285
DBAN.DE,347045.5790424347,289141.88879585266,2285
DBDB.F,0.0,0.0,596
DBK.DE,102100766.30705833,131113659.87618446,2285
DC2.F,0.0,0.0,2285
DC4.MU,0.0,0.0,2283
DCA.F,0.0,0.0,2285
DCO.DE,33183.13265991211,60297.724548339844,2285
DCS0.F,0.0,0.0,1061
DD2.F,0.0,0.0,1041
DDN.F,0.0,0.0,2285
DDQ.F,0.0,0.0,2285
DEF.DE,15702.567943572998,15273.934671401978,2154
DEH.F,0.0,0.0,2285
DEQ.DE,1193014.776878357,217737.9954214096,2285
DEZ.DE,2056203.4497470856,4033819.413502693,2285
DGI.F,0.0,0.0,2285
DGY.SG,0.0,0.0,2285
DHER.DE,22278487.412994385,19356162.44114971,2276
DHL.DE,74872259.03256226,66540059.39841461,2285
DHR.F,0.0,0.0,2285
DI60.F,0.0,0.0,2285
DIL1.F,0.0,0.0,2285
DIO.DE,0.0,3074.8653564453125,2285
DL7A.F,0.0,0.0,2285
DL8.F,0.0,0.0,2285
DLN.F,0.0,0.0,2285
DM5.F,0.0,0.0,2285
DMP.DE,931655.0323638916,719335.9084415436,2077
DNQA.F,0.0,0.0,2285
DNZ.F,0.0,0.0,2285
DO2.DE,0.0,0.0,2284
DOU.DE,1164413.2158150673,1170445.9072065353,566
DOV.F,0.0,0.0,2285
DP4B.SG,0.0,0.0,2285
DP5.SG,0.0,0.0,2285
DP9.F,0.0,0.0,1941
DPU1.F,0.0,0.0,176
DQW.F,45147.6552734375,19244.999980926514,2285
DR0.DE,138584.096698761,346987.68353652954,2285
DR3.F,0.0,0.0,2285
DR6.F,0.0,0.0,2285
DRW3.DE,949742.8003540039,607191.7521934509,2285
DRW8.DE,103206.42166900635,76794.4448337555,2285
DS2.F,0.0,0.0,2285
DS3.F,4118.249988555908,1761.9000053405762,2065
DS4.F,0.0,0.0,130
DS5.F,0.0,0.0,2006
DSG.DE,0.0,0.0,2279
DST.F,0.0,0.0,1817
DSYA.F,1036.3199844360352,2984.4304542541504,2285
DSZ.F,0.0,0.0,2285
DT3.DE,0.0,0.0,2284
DTE.DE,125303788.99211884,164773536.59656525,2285
DTG.DE,36734087.43739319,40519063.61462593,1149
DTUR.F,0.0,0.0,2285
DUE.DE,3687952.0805625916,1744406.6379852295,2285
DUL.DE,0.0,0.0,2285
DUM.F,0.0,0.0,1847
DUT.F,276.3878173828125,1910.9404754638672,2285
DV3R.F,0.0,0.0,2283
DVW1.F,0.0,0.0,2285
DW3.F,0.0,0.0,351
DW51.F,0.0,0.0,2285
DWNI.DE,10705943.22380066,2681306.536596298,2285
DWS.DE,2117972.172641754,3646973.8591327667,2085
DX7.F,0.0,0.0,2285
DY2.F,0.0,0.0,2285
DY6.F,0.0,441.86949920654297,2285
DYH.F,0.0,805.0535202026367,2285
DYT1.F,0.0,520.8610169887543,2285
E0B.F,0.0,0.0,2179
E0P.DE,135863.994140625,73838.20478439331,1387
E2H.SG,0.0,0.0,1123
E2S.F,0.0,0.0,2006
E2Z.F,0.0,0.0,2285
E3G.F,0.0,0.0,1176
E3M.F,0.0,0.0,2285
E3X1.SG,0.0,0.0,2285
E4S.SG,0.0,0.0,2285
E5N.F,0.0,0.0,2285
E6Z.F,0.0,0.0,2285
E7V.F,0.0,0.0,2285
E8K.F,0.0,0.0,2285
EAC.F,0.0,0.0,2285
EAM.F,0.0,0.0,2285
EB0.F,0.0,0.0,1437
EBA.DE,21056.75708770752,11544.540939331055,2284
EC8.F,0.0,0.0,2285
ECJ.F,9354.659042358398,4433.935089111328,2285
ECP.F,0.0,0.0,2285
EDA.SG,0.0,0.0,2285
EDC.DE,0.0,0.0,2284
EDGA.SG,107.04084765166044,3526.314367413521,2285
EDJ.SG,0.0,0.0,2285
EDW.SG,0.0,0.0,2285
EDXR.MU,0.0,0.0,334
EF3.F,0.0,0.0,2285
EFC1.SG,0.0,0.0,2285
EFE.F,0.0,0.0,1098
EFL.F,0.0,0.0,2006
PCU.DU,0.0,0.0,2285
AFR0.F,12767.36118888855,3146.799945831299,2285
EFT0.F,0.0,0.0,348
EFX.SG,0.0,0.0,2285
EG4.F,1775.2301216125488,2175.6940717697144,2285
EG7.F,0.0,0.0,905
EGG.F,0.0,0.0,2285
EGT.F,0.0,0.0,2285
EH8.F,0.0,0.0,2285
EI2.F,0.0,0.0,1742
EI5.F,0.0,0.0,2285
EIA.F,0.0,0.0,2285
EIN.DE,177366.45883369446,217587.39799499512,2285
EIX.F,0.0,0.0,2285
EJD.F,22043.229410648346,53364.090324640274,2285
EJT1.DE,95340.08124351501,170375.61849021912,2285
EJXB.SG,0.0,0.0,2285
EK5.F,0.0,0.0,815
EK9.F,0.0,0.0,867
EKT.DE,449866.8000526428,720456.6093063354,2285
ELG.DE,711650.4562568665,1616714.7239875793,2285
ELI.F,0.0,0.0,2285
ELO1.F,7563.42244720459,4440.010494232178,2285
ELXC.F,0.0,0.0,2285
EM4.F,0.0,0.0,2285
EMB.F,0.0,0.0,2285
EMR.F,806.9385528564453,222.0083465576172,2285
ENA.MU,0.0,0.0,2285
ENI.DE,144219.25258636475,168004.64488458633,2285
ENL.DE,144384.32034111023,152687.14818167686,2285
ENR.DE,59008871.94694519,183725320.78157043,1455
ENU.F,0.0,0.0,819
ENXB.DE,8857.950843811035,8857.950843811035,166
EO5.F,0.0,0.0,2285
EOAN.DE,57009842.93842697,59080100.87884998,2285
EOB.F,0.0,0.0,1915
EP3.F,0.0,0.0,2285
EP5.F,0.0,0.0,2285
EP6.F,0.0,0.0,2285
EQ6.DE,0.0,0.0,1385
EQR.SG,0.0,0.0,2235
ER7.DU,0.0,0.0,2285
ER9.F,0.0,0.0,2285
ERCB.DE,16018.836745262146,30808.978904485703,2285
ERE.F,0.0,0.0,2285
ERG1.F,0.0,0.0,1532
ERT.MU,0.0,0.0,2285
ESF0.F,6500.574756622314,1236.2858352661133,2285
ET7.F,0.0,0.0,2285
ET9.F,38525.0,38525.0,261
ETA.F,0.0,0.0,2285
ETX.F,0.0,0.0,2285
ETY.F,0.0,0.0,2285
EUQ.F,0.0,0.0,2285
EV9.F,0.0,0.0,2285
EVD.DE,6158181.447219849,11676428.180782318,2285
EVK.DE,13156117.597593307,15998896.847436428,2285
EVL.F,0.0,0.0,2115
EVN.F,102.50921249389648,0.0,2285
EVT.DE,11893147.772129059,5352037.213272095,2285
EW2.F,0.0,0.0,2285
EWL.DE,586.8800048828125,7191.719650268555,2285
EX9.SG,0.0,0.0,2285
EXM.F,0.0,0.0,2285
EXP.F,0.0,0.0,2285
EY3.F,0.0,0.0,2285
EYI.F,0.0,0.0,1648
EYWN.SG,0.0,0.0,2285
EZ2A.F,0.0,0.0,2285
EZ3.F,0.0,0.0,517
EZM.SG,0.0,0.0,1573
EZV.F,665.6229248046875,1061.1083679199219,2285
F03.F,0.0,0.0,2285
F1YN.F,0.0,5284.512500762939,2285
F2F.F,0.0,0.0,1014
F3A.DE,72048.37874603271,135631.27835083008,2285
F3DC.MU,0.0,0.0,1396
F4G.F,0.0,0.0,235
F4S0.F,9858.119974136353,9689.651839256287,2285
F5D.SG,0.0,0.0,2285
F5W.F,0.0,0.0,2285
F6Q.F,0.0,0.0,1093
F6S0.F,0.0,0.0,279
F6T.F,0.0,0.0,2285
F85.SG,0.0,0.0,602
F8P.F,27709.250602722168,32484.438152313232,521
FAN.F,0.0,0.0,2285
FAR.F,0.0,0.0,2285
FAS.DE,0.0,0.0,2284
FAU.DE,0.0,4588.67999458313,2285
FB2A.F,332286.53631591797,408582.6774291992,2285
FBF.F,0.0,1885.3273162841797,1327
FCW3.F,0.0,0.0,1364
FDK.F,0.0,0.0,2285
FDM.SG,0.0,0.0,2285
FDN.F,0.0,0.0,2285
FDX.DE,8221.71646118164,10732.904251098633,2285
FE4.F,0.0,0.0,2285
FE7.F,0.0,0.0,2285
FEY.F,118642.07543945312,5134.937490224838,2285
FF60.F,0.0,0.0,2285
FFEA.F,0.0,0.0,2285
FFH.F,0.0,0.0,2285
FFP.F,0.0,0.0,2285
FG8.F,0.0,0.0,2285
FG9.F,0.0,0.0,2285
FGC1.F,0.0,0.0,2285
FIE.DE,2316502.7385520935,1774370.459690094,2285
FIV.DE,2643.1600952148438,16653.079860687256,1659
FK2.SG,0.0,0.0,1295
FKM.F,0.0,0.0,2285
FL9.F,0.0,0.0,2285
FLH0.F,17450.0,17450.0,405
FLN.F,0.0,0.0,2285
FM7.F,0.0,0.0,1653
FMC1.DE,41381.74020385742,41254.99127292633,2285
FME.DE,29003456.98498535,21214455.359710693,2285
FMNB.DU,0.0,0.0,2285
FMQ.SG,0.0,0.0,2285
FMV.F,49358.387269973755,57388.20611524582,2285
FNL.F,7382.70001411438,10935.545684814453,2285
FNTN.DE,6634736.371290207,7278432.432653427,2285
FO4N.F,0.0,0.0,2285
FO8.F,6690.000057220459,19337.019622802734,2285
FOT.F,2992.4538135528564,1215.493459701538,2285
FP3.F,46493.29261779785,45260.50651550293,2285
FPE3.DE,4130006.422668457,3484830.2668914795,2285
FPR.F,0.0,0.0,2285
FPW.F,0.0,0.0,2285
FQI.MU,0.0,0.0,2285
FQV.F,0.0,0.0,2285
FRA.DE,9128738.82144928,7549927.306053162,2285
FRE.DE,44368682.65663147,32591301.675745964,2285
FRI.F,0.0,8107.5,2285
FRK.F,0.0,0.0,2285
FS5A.F,0.0,0.0,2285
FSE.F,0.0,0.0,2285
FSF.F,0.0,0.0,1775
FSL.F,0.0,0.0,2285
FT2.F,0.0,0.0,2285
FTD.F,0.0,0.0,1514
FTK.DE,3197232.6265621185,6247490.475393295,2285
FU2.F,0.0,0.0,2181
FUO.F,0.0,0.0,2285
FV6.F,0.0,0.0,2006
FV8.SG,0.0,0.0,2235
FV9J.F,0.0,0.0,1331
FWF.F,0.0,0.0,2285
FX3.F,0.0,0.0,466
FXT.DE,4245.599822998047,4245.599822998047,95
FZG1.F,0.0,0.0,1709
FZM.F,0.0,0.0,2285
G08.F,0.0,0.0,2285
G0F0.SG,0.0,0.0,422
G0G.F,0.0,0.0,2285
G14.DE,1123.1999588012695,3247.991858482361,1159
G1A.DE,11175421.844482422,16068709.166362762,2285
G1P0.F,0.0,0.0,2285
G1U.F,0.0,0.0,1098
G24.DE,9942442.840667725,14962064.004692078,2285
G2O.F,0.0,0.0,2285
G3V.F,0.0,0.0,2285
G40.F,0.0,0.0,2285
G5LN.F,0.0,0.0,2006
G5NA.F,0.0,0.0,2285
G6G0.F,0.0,0.0,2070
G70.F,0.0,0.0,2005
G84.F,0.0,0.0,2285
GA8.F,0.0,0.0,2285
GAH.F,0.0,726.6095123291016,2285
GAN.SG,0.0,0.0,2285
GAP.F,0.0,0.0,2285
GBF.DE,2598901.7198238373,6382811.5922966,2285
GBRA.DE,0.0,0.0,2285
GCZB.SG,0.0,0.0,2235
GDG.F,0.0,0.0,2285
GDX.DE,1555.5677795410156,16518.10858154297,2285
GE9.F,3485.6500701904297,2775.2499389648438,2025
GEF.SG,0.0,0.0,1514
GEG.F,0.0,0.0,2285
GEH.F,0.0,0.0,2005
GEI.SG,0.0,0.0,1702
GEY.F,0.0,0.0,2006
GF7.DU,0.0,0.0,588
GFF.F,0.0,0.0,2285
GFI.SG,0.0,0.0,2285
GFT.DE,852222.5796461105,1031203.1652679443,2285
GG1.F,0.0,0.0,612
GGRA.F,0.0,0.0,2285
GI2.F,0.0,0.0,2285
GI4.F,0.0,0.0,2285
GI6A.F,0.0,0.0,2285
GIL.DE,133266.1378440857,71500.04278564453,2285
GIN.MU,0.0,0.0,2285
GIS.SG,11521.061382293701,4866.485633850098,2285
GKD.F,0.0,0.0,2285
GL4.F,0.0,0.0,226
GL9.SG,0.0,0.0,2285
GLE.F,49.8687744140625,0.0,2285
GLJ.DE,1756068.8409423828,1134701.715786934,2285
GLO.F,29593.218994140625,3607.560276031494,2285
GLW.DE,1135.2357482910156,15845.000043869019,2285
GMZ.F,0.0,0.0,2285
GN5.F,0.0,0.0,2285
GNBN.F,0.0,0.0,2006
GNN.DU,0.0,0.0,1622
GO4.F,0.0,0.0,940
GOU.F,0.0,0.0,2285
GOV.F,0.0,0.0,2285
GPT.F,0.0,0.0,2285
GR8.F,-579.2584896087646,0.0,2285
GRB.DU,0.0,0.0,1270
GRU1.F,698.1153869628906,75.24132919311523,2285
GS2C.DE,48329.00047302246,250493.00551128387,2285
GS70.SG,0.0,0.0,1825
GS71.DE,792550.0724716187,2005410.9557180405,2285
GSB.SG,0.0,0.0,1784
GTN.F,0.0,0.0,2285
GTR.F,0.0,0.0,2285
GTX.F,0.0,0.0,2285
GUI.DE,165379.5267906189,612860.6028561592,2285
GUL.F,0.0,0.0,2285
GUO.F,0.0,0.0,2285
GV6.F,597.6400130987167,4495.654907345772,2285
GWS.F,0.0,0.0,2285
GWW.SG,0.0,0.0,2285
GXD.F,0.0,410.33815479278564,2285
GXE.DE,0.0,576.1899995803833,1512
GXI.DE,7287613.0877075195,7959767.8868255615,2285
GYC.DE,3102585.1010990143,1316735.7364888191,2285
GZ5.F,0.0,0.0,2285
GZF.DE,91288.14892959595,108802.94668197632,2285
H0O.MU,0.0,0.0,347
H13.F,0.0,0.0,886
H1W.DE,46344.124594688416,46344.124594688416,156
H221.F,0.0,0.0,2285
H2V.F,0.0,0.0,2285
H3Q.SG,0.0,0.0,1150
H3V.F,0.0,0.0,169
H4N.F,0.0,0.0,433
H6D.SG,0.0,0.0,991
H7B.F,0.0,1973.9999771118164,2285
H7H.F,0.0,0.0,2285
H8Y.F,0.0,0.0,511
H98.F,0.0,0.0,994
H9B1.F,0.0,0.0,2285
HABA.DE,495389.5862836838,501346.2875595093,2285
HAG.DE,5399009.2903289795,30458545.967948914,1457
HAL.DE,16110.061645507812,26406.82122039795,2285
HAR.F,0.0,0.0,2285
HAS.F,0.0,0.0,2285
HBC2.F,0.0,0.0,2285
HBG.F,0.0,0.0,2285
HBH.DE,948074.2959594727,905488.4898223877,2285
HBO.SG,0.0,0.0,2285
HC1A.F,0.0,0.0,1625
HCW.F,0.0,0.0,2285
HDFA.F,0.0,0.0,2285
HDI.DE,83276.75512695312,77787.68684387207,2285
HDP1.F,0.0,0.0,2285
HE9.F,0.0,0.0,2285
HEI.DE,36933381.72148132,55802181.68096924,2285
HEN.DE,6095960.083114624,5726978.463783264,2285
HEN3.DE,33763542.49511719,27195136.90740204,2285
HF6.F,1095.3624200820923,5965.761976242065,2285
HGUA.F,0.0,0.0,2006
HH1.F,0.0,0.0,2285
HHFA.DE,621879.5225524902,45860.03105163574,2285
HI4.F,0.0,0.0,2285
HI91.F,0.0,0.0,2285
HIE.F,0.0,0.0,2285
HIJ.MU,0.0,0.0,1056
HIP.F,0.0,0.0,2285
HJN1.SG,0.0,0.0,2285
HK2C.F,0.0,0.0,2285
HL5.F,0.0,0.0,2285
HL9C.F,0.0,0.0,2285
HLAG.DE,1819178.4668884277,1733257.8972702026,2285
HLE.DE,2873477.7021751404,651508.6103973389,2284
HLPN.F,0.0,0.0,2285
HLX.F,0.0,0.0,2285
HMC.F,0.0,0.0,2285
HMI.DE,35222.455810546875,197395.34045410156,2285
HMT.SG,0.0,0.0,1030
HNK1.SG,0.0,0.0,2285
HNM.F,0.0,0.0,2285
HNR1.DE,16732887.297912598,24232506.858406067,2285
HO2.SG,0.0,0.0,2285
HO7.F,4207.623291015625,4574.311267852783,2285
HOO.SG,0.0,0.0,2285
HOT.DE,7270939.07421875,11192865.319824219,2285
HOU.F,0.0,0.0,2285
HP91.F,0.0,0.0,2285
HPC.F,0.0,0.0,2285
HQ7.F,0.0,0.0,2285
HQS.F,0.0,0.0,2285
HRO.F,0.0,0.0,2285
HRPK.DE,133775.9783434868,101061.36060500145,2285
HRZA.F,0.0,0.0,1991
HS1.F,0.0,0.0,2285
HS2.F,0.0,0.0,2285
HSC2.SG,0.0,0.0,2283
HSD1.F,0.0,0.0,2285
HSY.DE,0.0,514.4250183105469,2285
HT0.F,0.0,0.0,2285
HT3.F,4850.170135498047,22296.54164505005,2285
HTD.F,0.0,0.0,2285
HUKI.F,0.0,0.0,2285
HUM.F,0.0,0.0,2285
HUR.F,0.0,0.0,2285
HVE.F,0.0,0.0,2285
HWI.F,0.0,0.0,2285
HWK.F,0.0,0.0,1477
HXL.F,0.0,0.0,2285
HY9H.F,0.0,1166668.560760498,2285
I0K.F,0.0,0.0,287
I10.SG,0.0,0.0,2233
I1M.F,0.0,0.0,2285
I1V.F,57516.0,57516.0,276
I25.SG,0.0,0.0,2235
I2T.F,0.0,0.0,1165
I4F.F,0.0,0.0,2285
I56.F,0.0,0.0,791
I5M.F,1106.0594940185547,1051.2195739746094,2285
I5U.F,0.0,0.0,2285
I5X.F,0.0,0.0,2285
I7B0.F,0.0,0.0,682
I82.F,0.0,0.0,137
I8P.F,0.0,0.0,2285
I8T.F,0.0,0.0,2006
I9DN.F,0.0,0.0,2285
IAL.F,2477.7600860595703,1115.761016368866,2285
IB7.F,0.0,0.0,731
IBE1.F,19444.751967430115,59916.92097187042,2285
IBM.DE,295810.9663772583,384016.1956253052,2285
IC2.DE,0.0,0.0,2284
IC7.F,0.0,0.0,2285
ICY.F,399.59999084472656,0.0,2285
ID7.F,0.0,0.0,2285
ID8.F,0.0,0.0,252
IDA.DE,46216.55093193054,46216.55093193054,192
IDC2.F,0.0,0.0,2285
IDI.F,0.0,0.0,2285
IDP.F,5632.500076293945,1157.1699981689453,2285
IDV1.F,0.0,0.0,2285
IEI.F,0.0,0.0,2285
IES.DE,68481.42087507248,147038.8683962822,2285
IF0.F,1566.0000169277191,0.0,2176
IF6N.F,0.0,0.0,2285
IFF.F,0.0,0.0,2285
IFX.DE,117810293.25788498,131797876.88160324,2285
IGQ5.F,0.0,1985.278549194336,2285
IGX.F,0.0,0.0,2285
IH9.F,0.0,0.0,323
IHCB.SG,0.0,0.0,2285
IHP.F,0.0,0.0,2285
IJ8.F,18252.9146810174,9931.23149240017,2285
IJX.F,0.0,0.0,2285
IK1.F,0.0,0.0,1499
IKAP.F,0.0,0.0,2285
ILM1.DE,329380.0,482921.14128112793,2285
ILU.MU,0.0,0.0,2285
IMA.F,0.0,0.0,2285
IMO1.SG,0.0,0.0,2285
IMP.F,0.0,0.0,2285
IMR.F,0.0,0.0,2285
IMV.F,0.0,0.0,2285
IN9.F,0.0,0.0,1196
INH.DE,418307.99807167053,609274.002494812,2285
INL.F,196171.35543823242,266233.03324508667,2285
INN1.SG,32119.13515329361,35234.08980178833,2285
INP.F,0.0,0.0,2285
INR.F,2071.999931335449,647.9642808437347,2285
INVN.F,0.0,0.0,2285
INX.F,0.0,0.0,2285
IOB.F,0.0,0.0,2285
IOS.DE,2267824.6149044037,4845208.10961628,851
IPF.F,0.0,0.0,2285
IPJ1.F,0.0,0.0,2285
IPZ.F,0.0,0.0,2285
IRQ.SG,0.0,0.0,2285
IRV.F,0.0,0.0,2178
IS5.F,0.0,0.0,2058
ISI.F,0.0,0.0,2285
IT6.F,0.0,0.0,2285
ITB.F,13317.524719238281,11349.142608642578,2285
ITH0.F,0.0,0.0,2285
ITM1.F,0.0,0.0,2285
ITU.DE,8764.955749511719,48522.011779785156,2285
IU2.F,-2.3729290068149567,2536.0156655311584,2285
IUI1.F,23574.999298095703,35637.52508544922,2285
IUQ.F,1172.7599740028381,2542.5249648094177,2285
IV61.F,0.0,0.0,2285
IVS.F,0.0,0.0,2285
IXD1.DE,30523.573596954346,33430.047285079956,2285
IXX.DE,112670.85433959961,142570.99780654907,2285
IYAA.F,245.20000457763672,1553.3250093460083,2285
IYP.F,0.0,0.0,2005
IZ1.F,0.0,0.0,2285
J060.F,5377.078951358795,4641.225103855133,2285
J0J.F,5348.774814605713,5348.774814605713,250
J0L.F,0.0,0.0,637
J1F.F,0.0,0.0,2285
J2A.F,0.0,0.0,2285
J2BA.F,0.0,0.0,1610
J4B.F,0.0,0.0,976
J4D.F,0.0,0.0,792
J4F.F,0.0,0.0,2005
J4V0.F,0.0,0.0,577
J5L1.F,0.0,0.0,1556
J7O.F,0.0,0.0,369
J7Z.F,0.0,0.0,2285
J9I1.F,0.0,0.0,936
JB1.F,0.0,0.0,2285
JBL.F,0.0,0.0,2285
JEJ.F,0.0,0.0,2285
JEN.DE,2817550.4784584045,3339680.918689728,2285
JEP.DU,0.0,0.0,1586
JFG.F,0.0,0.0,200
JGE.F,0.0,0.0,2006
JHA.F,0.0,0.0,2285
JHY.F,0.0,0.0,2285
JIX.F,0.0,0.0,2285
JMX.F,0.0,0.0,2285
JN0.F,0.0,0.0,1105
9O2.F,2049.999952316284,2049.999952316284,369
JNJ.DE,398374.2998352051,417400.21520233154,2285
JO1.F,0.0,0.0,1636
JOE.F,0.0,0.0,2285
JOT.F,0.0,0.0,2285
JP1A.F,0.0,0.0,2285
JP71.F,165.68665027618408,165.68665027618408,373
JPX.F,380.0,9703.82511138916,2285
JST.DE,570868.669052124,572072.6194496155,2262
JUN3.DE,2816722.2584838867,3342623.5748205185,2285
JUV.F,0.0,0.0,2285
JX7.F,0.0,0.0,979
JXC1.F,0.0,0.0,2285
JYS1.F,0.0,0.0,2285
K1W.F,0.0,0.0,2285
K27.F,0.0,0.0,1462
K34.F,0.0,0.0,2285
K3E.F,0.0,0.0,1971
K43.F,0.0,0.0,1094
K67.F,0.0,0.0,740
K6B.F,0.0,0.0,2285
K6V0.F,0.0,0.0,752
K7X.F,24.143442153930664,4277.4992752075195,2285
K8B.F,0.0,0.0,1102
K9N.F,0.0,0.0,1063
KAP.DU,0.0,0.0,562
KAX2.F,0.0,0.0,2006
KB7.F,3183.2998580932617,2813.5999813079834,530
KBH.F,0.0,0.0,2285
KBX.DE,10857139.98247528,11238317.44878006,1948
KCH.F,0.0,0.0,2285
KCO.DE,2026563.600156784,740585.1378023624,2285
KDB.DE,1729.8182754516602,1729.8182754516602,126
KEK1.F,0.0,0.0,674
KEM.F,0.0,0.0,2285
KEY.F,0.0,0.0,2285
KFI1.DE,0.0,0.0,2284
KGHA.F,3338.558864593506,23200.5,2285
KGX.DE,12239332.763671875,11409228.090065002,2285
KH6.F,0.0,0.0,879
KHNZ.MU,85.15090942382812,0.0,2285
KHP.F,0.0,608.0490851402283,2285
KIC.SG,0.0,0.0,2235
KIN2.DE,35707.921570539474,78559.96723413467,2285
KK0.F,0.0,0.0,1151
KKS.F,2338.318862915039,2338.318862915039,377
KLA.DE,3038.9535903930664,76207.83046722412,2285
KM3.F,0.0,0.0,2285
KMY.MU,0.0,0.0,2285
KNIA.MU,0.0,0.0,2285
KO2.SG,0.0,0.0,2285
KOC.F,0.0,0.0,2285
KODN.SG,0.0,0.0,2283
KOG.SG,0.0,0.0,2285
KOS1.F,0.0,0.0,2285
KOZ1.F,0.0,19939.64360809326,2199
KP5.F,0.0,657.898087978363,1870
KPN.SG,0.0,0.0,2285
KPR.F,0.0,0.0,2285
KQ2.F,0.0,0.0,277
KR51.F,0.0,6509.645004272461,2285
KR8.F,0.0,0.0,2005
KRC.F,0.0,0.0,2285
KRN.DE,2527599.8927764893,2973825.9293403625,2285
KSB.DE,18183.267333984375,50462.734466552734,2285
KSB3.DE,171005.67474365234,574793.8482055664,2285
KTF.SG,916.7162704467773,2329.4365234375,2283
KTN.DE,2751905.83392334,3245036.4447631836,2285
KU1.F,0.0,0.0,2285
KUG1.F,0.0,0.0,2285
KUR.F,0.0,0.0,2285
KWE1.F,0.0,0.0,2285
KWS.DE,465590.7829284668,660361.7140960693,2285
KY7.F,0.0,0.0,2285
L0T.F,12367.216796875,8020.164447784424,875
L1S.F,0.0,0.0,2285
L34.SG,0.0,0.0,870
L360.F,0.0,0.0,510
L3Y.F,0.0,0.0,532
L4Q.F,0.0,0.0,64
L5A.F,6039.615171432495,2728.253951072693,2285
L74.F,0.0,0.0,651
L9S.F,0.0,0.0,620
LA3A.F,0.0,0.0,2285
LAG.F,0.0,0.0,2285
LAR0.DE,28362.06356048584,128646.31015777588,2023
LAV0.F,0.0,0.0,2285
LC0A.SG,22108.899576187134,6030.000076293945,1793
LC1.SG,0.0,0.0,2235
LC4.F,0.0,0.0,1301
LCM.F,0.0,0.0,2285
LCO.F,0.0,0.0,2285
LCR.F,0.0,0.0,2285
LD1A.F,0.0,0.0,2285
LDBA.F,0.0,0.0,1023
LDE.F,0.0,0.0,2285
LE0.F,57.80100059509277,506.63500785827637,1384
LE6N.F,0.0,0.0,2285
LED.F,0.0,0.0,2285
LEG.DE,12516877.038574219,13580404.564971924,2285
LEN.F,2929.3793449401855,204.82500171661377,2285
LET.F,0.0,0.0,2285
LFS.F,0.0,0.0,2285
LG1.F,0.0,0.0,2285
LGDN.F,0.0,0.0,2285
LHA.DE,42711420.38884449,32922589.678067207,2285
LHL.F,3254.053138792515,18640.175630271435,2285
LHU.F,0.0,0.0,2285
LHV.F,0.0,0.0,2285
LI3.SG,0.0,0.0,2285
LI4.F,0.0,0.0,2072
LIA.F,0.0,0.0,2285
LID.F,0.0,0.0,2285
LIE.F,0.0,0.0,2285
LIN.DE,20380341.2555542,7370865.440200806,2285
LIVA.F,0.0,0.0,2285
LKQ1.F,0.0,0.0,2285
LLI.F,0.0,0.0,2285
LLY.DE,131938.40600585938,1962166.1690673828,2285
LMF.F,0.0,0.0,2285
LMO.F,0.0,0.0,2285
LNH.F,0.0,0.0,2285
LNLB.F,0.0,0.0,2285
LNN.F,0.0,0.0,2285
LNR.F,0.0,0.0,2285
LO3.SG,0.0,0.0,1957
LOM.DE,114136.49633789062,253776.90017700195,2285
LOO.F,0.0,0.0,2285
LOR.DE,166415.19311523438,236575.88676452637,2285
LP1.F,0.0,0.0,2285
LPK.DE,394530.36794662476,200259.0712518692,2285
LRC.F,0.0,0.0,2285
LS3.F,0.0,0.0,2285
LS4C.DE,0.0,0.0,1461
LSPP.F,12774.5400390625,12774.5400390625,283
LSU2.SG,0.0,0.0,2285
LT3.F,0.0,0.0,2285
LT4.F,0.0,0.0,1618
LTD0.F,0.0,0.0,2285
LTEC.DE,6349.695037841797,6349.695037841797,487
LTP.F,1640.740436553955,1242.1022758483887,2285
LTR.F,0.0,0.0,2285
LTT.F,0.0,0.0,2285
LU2.DE,444.0300064086914,363.1550064086914,1118
LU3B.F,0.0,0.0,2088
LV2B.F,0.0,0.0,1838
LVO0.F,0.0,0.0,2285
LWF.F,0.0,0.0,2285
LXI.F,0.0,0.0,2285
LXS.DE,12104584.482467651,8342699.337940216,2285
LY0.F,0.0,0.0,1833
M000.F,0.0,0.0,1130
M07.F,0.0,0.0,2285
M0N.F,0.0,0.0,175
M12.DE,65567.81724452972,114682.23156070709,2285
M1H.F,0.0,0.0,2006
M1I.F,0.0,0.0,2285
M1L.F,0.0,0.0,2285
M2A0.F,0.0,0.0,136
M2K.SG,0.0,0.0,2235
M3D.F,0.0,0.0,1008
M3I.F,0.0,0.0,2285
M3P.F,1092.419719696045,454.7452449798584,2285
M44.DE,91338.71861457825,91338.71861457825,331
M45.F,0.0,0.0,586
M46.MU,0.0,0.0,964
M4ZA.F,0.0,0.0,2285
M55.F,0.0,0.0,2285
M5V.F,0.0,0.0,2285
M6Q.SG,0.0,0.0,2285
M71.F,0.0,0.0,116
M8V.F,0.0,0.0,2285
MAQ.F,0.0,0.0,2285
MAV.F,0.0,0.0,1378
MBB.DE,291136.9729003906,477885.02449035645,2285
MBG.DE,121373998.85025787,114212088.73108673,2285
MBJ.F,0.0,0.0,2285
MBK.DE,2011.6092147827148,242.70000076293945,2285
MBY.F,0.0,0.0,2285
MCHA.MU,0.0,0.0,2285
MCK.F,0.0,0.0,2285
MCP.F,0.0,1956.3795700073242,2285
MCY.F,0.0,0.0,2285
MDF.F,0.0,0.0,2285
ME1.F,0.0,0.0,2285
ME5A.F,0.0,0.0,2285
MEB.F,0.0,0.0,1950
MEL.F,0.0,0.0,2285
MEQA.F,0.0,0.0,2285
MEX.F,0.0,0.0,2285
MEY.F,0.0,0.0,2285
MG1.F,0.0,0.0,624
MG8.F,0.0,0.0,1066
MGA.F,2158.743495941162,0.0,2285
MGC.F,0.0,0.0,2285
MGYB.F,0.0,0.0,2285
MH2.F,0.0,0.0,2285
MHL.DE,728.7012329101562,45081.623138427734,2285
MHR.F,0.0,0.0,2285
MHV.F,0.0,0.0,2285
MIG.F,0.0,0.0,335
MIY.F,0.0,0.0,2285
MJ8.F,0.0,0.0,2285
MK2A.F,0.0,0.0,2285
MK60.F,0.0,0.0,484
MKC0.F,0.0,0.0,2008
MKL.F,0.0,0.0,2285
MKO.F,0.0,0.0,2285
MKQ.F,0.0,0.0,2285
MKS.F,0.0,0.0,2285
MKT.F,0.0,0.0,2285
MKV.SG,0.0,0.0,2285
MLB1.DE,127280.0,314981.09747314453,1687
MLE.F,0.0,0.0,2285
MLP.DE,229475.08626174927,338686.7667913437,2285
MLT0.F,0.0,0.0,2285
MLU.F,0.0,0.0,2285
MLW.F,0.0,0.0,2285
MM3.F,0.0,0.0,2285
MM6A.F,0.0,0.0,2285
MMM.DE,177814.4967956543,157035.62532806396,2285
MMQ0.F,2008.7499976158142,39.87500071525574,1600
MMX.F,0.0,0.0,2285
MMY.F,0.0,0.0,2285
MNGN.F,0.0,0.0,2285
MNL.SG,0.0,0.0,2285
MO8.F,0.0,0.0,2285
MOB.F,1442.1699867248535,1924.2999744415283,2285
MOH.SG,147508.38317871094,256592.57247924805,2285
MOI.F,0.0,0.0,2285
MOS.F,0.0,0.0,2285
MOV.F,415.26837158203125,763.5244045257568,2285
MP2.F,0.0,204.92059029638767,1869
MPI0.DE,235790.1308362484,235790.1308362484,196
MPN.SG,0.0,0.0,2285
MPW.F,0.0,0.0,2285
MR3.SG,0.0,0.0,801
MRE.F,0.0,0.0,2285
MRI.F,0.0,0.0,2285
MRK.DE,42567196.93862915,35449340.11155319,2285
MRS.F,0.0,0.0,2285
MRTA.F,0.0,0.0,2285
MS3.F,0.0,0.0,1963
MS51.DE,1573452.6454162598,1558689.6971817017,551
MS6N.F,0.0,0.0,2119
MSF.DE,6218507.850982666,9193288.033584595,2285
MSN.F,0.0,0.0,2285
MSPA.F,0.0,0.0,2285
MSQ.F,0.0,0.0,2285
MSRB.F,0.0,0.0,2285
MT0.F,0.0,0.0,1009
MTA.SG,0.0,0.0,2283
MTB0.F,0.0,0.0,2275
MTE.F,57060.887145996094,252577.6944618225,2285
MTLA.DE,0.0,0.0,2279
MTO.DE,0.0,0.0,2279
MTT.F,0.0,0.0,2285
MTX.DE,30051112.55206299,39531853.751083374,2285
MTZ.F,0.0,0.0,2285
MUD.F,0.0,0.0,2285
MUF.F,0.0,0.0,2285
MUI.F,0.0,0.0,2285
MUM.DE,211664.07304763794,411768.23140335083,2285
MUV2.DE,83271521.75952148,117031361.54846191,2285
MUX.DE,409597.46963500977,985730.6512117386,2285
MV4.F,0.0,0.0,2285
MW1A.F,0.0,0.0,2285
MWI.F,0.0,0.0,2285
MWK.F,0.0,0.0,2285
MWZ.F,0.0,0.0,2285
MX0.F,0.0,0.0,2080
MX2.F,0.0,0.0,2285
MX4A.F,0.0,0.0,2285
MX5.F,0.0,0.0,2285
MY1.F,0.0,0.0,2285
MYD.F,0.0,0.0,2285
MYM.F,1903.935791015625,0.0,2285
N0S.F,0.0,0.0,2285
N14.F,0.0,0.0,2150
N2S.F,0.0,0.0,685
N2V.F,0.0,0.0,2285
N3B.F,0.0,0.0,318
N3IA.F,139720.71245765686,78326.1086511612,1873
N4RN.F,0.0,0.0,1559
N4SA.F,0.0,0.0,1211
N7ON.F,0.0,0.0,2285
N7T.MU,0.0,0.0,2285
N9Q.F,0.0,0.0,808
NA9.DE,1948481.819480896,1763310.969467163,1398
NAQ.DE,0.0,14969.72582244873,2285
NB3.F,0.0,0.0,2285
NBG6.DE,6466.251834869385,21158.159801483154,2285
NBI1.F,0.0,0.0,2285
NC0.F,0.0,0.0,2285
NCGB.F,0.0,0.0,2285
NCR1.F,0.0,0.0,2285
ND1.F,0.0,0.0,2285
ND3.F,0.0,115.36300104856491,2285
NDA.DE,8200659.461517334,12462120.017227173,2285
NDX1.DE,8531272.416780472,12259227.202044487,2285
NE3.F,0.0,0.0,2285
NEF.SG,0.0,0.0,2283
NEM.DE,9087556.520385742,12153124.769918442,2285
NEQ.SG,0.0,0.0,2285
NESM.SG,2606.3533782958984,4195.531532287598,2285
NESR.MU,0.0,0.0,2285
NF4.F,0.0,0.0,1967
NFC.F,139040.0,144120.09967803955,2285
NG2.F,0.0,0.0,2285
NG3.F,234.81299749016762,863.0000114440918,826
NGJ.F,0.0,0.0,2285
NGL0.F,10116.351470947266,5214.006154060364,2285
NGR.F,0.0,0.0,2285
NHK.F,0.0,0.0,2285
NI6.F,0.0,0.0,2285
NJB0.F,0.0,0.0,951
NJPA.F,0.0,0.0,2285
NK1A.F,0.0,35.223785020411015,2285
NK5A.F,0.0,0.0,2285
NKB2.F,0.0,0.0,2285
NKC.F,0.0,0.0,2285
NKE.DE,303374.12841796875,735104.7050914764,2285
NKT.F,0.0,0.0,2285
NKZ0.F,0.0,0.0,2285
NL0.F,0.0,0.0,489
NNFN.F,0.0,0.0,2285
NNGF.DE,37906.31706237793,209873.04876995087,2285
NNND.F,205720.77262115479,205900.7337627411,756
NO30.F,0.0,0.0,2285
NOAA.SG,0.0,0.0,2285
NOEJ.DE,1493861.5223083496,758406.0442857742,2285
NOT.SG,0.0,0.0,2285
NOU.F,0.0,0.0,2285
NOV.DE,608641.9848632812,7491714.648147583,2285
NP5.DE,5057.321993350983,41872.54972219467,1768
NPW1.F,0.0,0.0,2285
NPW1.SG,0.0,0.0,2283
NQ9.F,0.0,0.0,2285
NQG.F,0.0,0.0,2285
NR6.F,0.0,0.0,350
NRA.DE,0.0,0.0,2284
NRC.F,0.0,0.0,1922
NRE.F,0.0,0.0,2285
NS1.F,0.0,0.0,2285
NSC.SG,0.0,0.0,2235
NSK.F,0.0,0.0,2285
NSZ.F,0.0,0.0,2285
NTA.F,0.0,0.0,2285
NTH.MU,0.0,0.0,2285
NU42.F,0.0,0.0,2285
NUO.F,0.0,0.0,2285
NUS.F,0.0,0.0,2285
NV3P.F,0.0,0.0,2285
NVD.DE,4919643.284626007,30031303.948143005,2285
NVE.F,0.0,0.0,2285
NVJP.DU,0.0,0.0,2285
NVK.F,0.0,0.0,2285
NVV1.F,18996.45036506653,16062.868292808533,2285
NW7.MU,0.0,0.0,660
NWC.SG,38.62761390209198,0.0,2285
NWJ.SG,0.0,0.0,2231
NWL.F,0.0,0.0,2285
NWP.SG,0.0,0.0,2285
NWT.F,10597.096710205078,3678.7519454956055,2285
NXS0.F,0.0,0.0,936
NY41.F,0.0,0.0,1965
NY70.F,0.0,0.0,1378
NZM.F,0.0,0.0,1170
O03.F,0.0,0.0,1073
O060.F,0.0,0.0,590
O1Y.F,0.0,0.0,475
O3I.F,0.0,0.0,2285
O3P.MU,0.0,0.0,2285
O5F.F,990.0500118732452,990.0500118732452,462
O5Q.F,0.0,0.0,2285
O64.F,0.0,0.0,1344
O6O.F,0.0,0.0,273
O8M.F,0.0,0.0,2285
O9T.F,75866.39925384521,68933.6025390625,698
OA2.SG,0.0,0.0,2083
OBCK.DE,1476037.5,1476037.5,97
OBH.F,0.0,0.0,2006
OC9.F,0.0,0.0,2285
OCD1.F,0.0,0.0,2285
OCI1.F,0.0,725.3660049438477,2285
OCKA.F,0.0,908.6750574111938,2285
OCN.DE,0.0,0.0,2279
ODF.F,0.0,0.0,2285
OE6.F,0.0,0.0,545
OEA1.F,0.0,0.0,2285
OEMA.SG,0.0,0.0,2283
OEWA.DE,35823.227405548096,39621.237312316895,2285
OG9.F,0.0,0.0,2285
OGL.F,0.0,0.0,2285
OGM1.F,0.0,0.0,2285
OHB.DE,203633.89741516113,200450.94359970093,2285
OIC.F,0.0,0.0,2285
OJI.F,0.0,0.0,2285
OK3.F,0.0,0.0,2285
OKL.F,0.0,0.0,2285
OL0.F,0.0,0.0,1147
OL7.F,0.0,0.0,90
OLD.F,0.0,0.0,2285
OLN.F,0.0,0.0,2285
OM40.F,0.0,0.0,2285
OM6.F,0.0,0.0,2285
OMV.MU,0.0,0.0,2285
ONK.DE,0.0,1321.1039962768555,2285
OPC.F,16436.588510513306,31988.035614013672,2285
OR8.F,0.0,0.0,2285
ORC.DE,95076.3014717102,909392.0196990967,2285
ORI1.F,0.0,0.0,2285
ORJ.F,0.0,0.0,2285
OS2.F,0.0,0.0,2285
OS70.F,0.0,0.0,1413
OSA.F,0.0,0.0,2285
OSK.F,0.0,0.0,2285
OT4.F,0.0,0.0,2285
OT7.F,0.0,0.0,2285
OTX.F,0.0,0.0,2285
OUTA.DU,0.0,0.0,2285
OVER.F,0.0,0.0,2285
OVZ.F,0.0,0.0,1484
OWX.F,0.0,0.0,2006
OXQ1.F,0.0,0.0,2285
OYC.DE,0.0,15100.191995620728,1492
P09.F,0.0,347.8949874639511,2285
P13A.F,0.0,0.0,2285
P4F.F,0.0,0.0,1098
P4L.F,0.0,0.0,1445
P5P.F,0.0,0.0,2285
P6MB.F,0.0,0.0,2285
P6Z.F,0.0,0.0,2006
P7S.F,0.0,0.0,2006
P911.DE,31707347.896076202,29630437.95692444,943
P9G.F,0.0,0.0,2285
P9N.F,0.0,0.0,940
PA2.SG,17664.0472574234,50962.2796497345,2285
PA9.F,0.0,0.0,2285
PAE.DE,0.0,0.0,2279
PAH3.DE,25023737.327438354,19728769.681045532,2285
PAR.DE,0.0,37896.794006347656,2284
PB8.F,0.0,0.0,2285
PBDA.F,0.0,0.0,2285
PBE.F,0.0,0.0,1786
PBS0.F,0.0,0.0,1832
PBW.F,0.0,0.0,2285
PC60.F,0.0,0.0,227
PCE1.DE,89116.650390625,168913.9380722046,2285
PCJ.F,0.0,0.0,2285
PCX.F,0.0,0.0,2285
PCZ.DE,45856.73825740814,307925.00226545334,2285
PD9.F,0.0,0.0,2285
PE1.F,0.0,0.0,2285
PE2.F,0.0,0.0,2285
PE9.F,0.0,0.0,2285
PEA.F,0.0,0.0,2285
PEKB.F,0.0,0.0,2285
PEN.F,0.0,0.0,2285
PEO.SG,0.0,0.0,2285
PEP.HM,0.0,549.1256713867188,2285
PER.F,2340.3806762695312,8179.011695861816,2285
PFE.DE,708588.7917175293,1053583.032614708,2285
PFI.F,503.3454895019531,1034.8018646240234,2285
PFV.DE,664550.6502685547,306787.1134490967,2285
PFX1.F,0.0,0.0,2285
PGR.F,0.0,0.0,2285
PGV.F,0.0,9127.331237792969,2285
PH8.F,0.0,0.0,1816
PHBN.F,0.0,0.0,96
PHE.F,0.0,0.0,2285
PHF.F,0.0,0.0,1971
PHI1.DE,171863.8829612732,90974.25679588318,2285
PHM7.SG,13647.902526855469,19674.39663887024,2285
PHPN.F,0.0,0.0,2285
PI3.F,749.190502166748,2640.3503761291504,811
PI6.F,0.0,0.0,358
PI7.F,0.0,0.0,2285
PK2.F,0.0,0.0,2285
PK5.F,0.0,0.0,2006
PKA.F,0.0,0.0,2285
PKTM.F,0.0,3037.4401473999023,2285
PKY1.F,192.1350860595703,9266.972661018372,2285
PL3.F,0.0,0.0,296
PL6.F,0.0,0.0,2285
PLUN.DE,623460.1662898064,519973.0631034374,2285
PMRA.F,0.0,0.0,2285
PMTA.DE,0.0,0.0,2279
PMV.F,0.0,0.0,2285
PN1.SG,0.0,0.0,2235
PNDA.F,0.0,0.0,1720
PNE3.DE,567405.379989624,535758.4542169571,2285
PNT.F,0.0,0.0,2285
PNU.F,0.0,0.0,2285
PP1.F,0.0,0.0,2285
PP4A.F,0.0,0.0,2285
PP9.DE,0.0,0.0,860
PPQ.F,0.0,0.0,2285
PPX.DE,96263.3369140625,143383.58070373535,2285
PQ2.F,0.0,0.0,2285
PQ51.F,0.0,0.0,2285
PQGA.F,0.0,0.0,2207
PQIA.F,0.0,0.0,2285
PQM.F,0.0,0.0,2285
PR4.F,0.0,0.0,1869
PRE1.F,0.0,0.0,2285
PRG.DE,316548.34452819824,341767.37366485596,2285
PRHA.F,0.0,0.0,2285
PRL.F,0.0,0.0,2285
PRZ.SG,0.0,0.0,2285
PS3.F,0.0,0.0,2285
PSRA.F,0.0,0.0,2285
PTX.DE,1186188.68628788,6633040.686408997,1386
PU4.F,0.0,0.0,2285
PUM.DE,20010679.761138916,18927889.744752884,2285
PUP.SG,0.0,0.0,2285
PVH.F,0.0,0.0,2285
PVJA.F,0.0,0.0,2285
PWC.F,0.0,0.0,2285
PWI.F,0.0,0.0,2285
PX4.F,0.0,0.0,2285
PX91.SG,0.0,0.0,2235
PXK.F,0.0,0.0,2285
PXL.F,0.0,0.0,2285
PXM0.F,0.0,0.0,2004
PY3.F,0.0,0.0,286
PY9.F,0.0,0.0,2285
PYC.F,0.0,0.0,2285
PZXB.F,0.0,0.0,1537
Q0G.F,0.0,0.0,788
Q0Z.F,0.0,0.0,176
Q1D.F,0.0,0.0,336
QAA.F,0.0,2402.0244750976562,2285
QBE.F,0.0,0.0,2285
QCI.F,29637.261543273926,35642.62203979492,2285
QCTA.F,0.0,0.0,2285
QDI.F,0.0,0.0,2285
QEN.F,0.0,0.0,2285
QGU.F,0.0,0.0,2285
QH9.DE,0.0,44455.346118450165,2285
QIA.MU,0.0,0.0,2285
QJQ.F,0.0,0.0,2285
QKL1.F,0.0,0.0,2285
QL1A.F,0.0,0.0,2285
QN0.F,0.0,0.0,656
QNC1.F,0.0,0.0,2285
QNT.F,0.0,3355.5000143051147,2285
QPX.F,0.0,0.0,2285
QSV.F,0.0,0.0,2285
QTL.F,0.0,0.0,2285
QTS.DE,0.0,0.0,1381
QUC.F,0.0,0.0,2285
QV1.F,0.0,0.0,151
R0V.F,0.0,0.0,1402
R1D.F,0.0,0.0,2285
R1T.F,4229.399969100952,4229.399969100952,392
R35.F,6413.999954223633,2165.28497505188,2210
R3D.F,0.0,0.0,1134
R3NK.F,251455.78913116455,264090.93456459045,597
R3X1.F,0.0,0.0,1426
R66.DE,0.0,0.0,2284
R6C0.F,367027.2391052246,260904.5330953598,2285
SJL.DU,0.0,0.0,1254
R7D.F,0.0,0.0,2285
R7E.F,0.0,0.0,1399
R8M.F,0.0,0.0,392
R902.F,0.0,0.0,2285
RA6.F,0.0,0.0,2285
RAB.F,0.0,0.0,1527
RAC.SG,0.0,0.0,2235
RAG.F,0.0,0.0,2285
RATV.F,0.0,0.0,2285
RAW.DE,74234.2094078064,264786.08963155746,2285
RAZB.F,0.0,0.0,2285
RB0.F,0.0,0.0,2285
RBS.F,0.0,0.0,2285
RC8.F,12406.909713745117,15289.385818481445,2285
RCF.DE,0.0,9742.55633354187,2285
RCK.F,0.0,0.0,2285
RCZ.F,0.0,0.0,2285
RDC.SG,80268.50177764893,128463.34705352783,2235
RDEB.DE,0.0,16448.811931610107,2285
RE0.F,0.0,211.73664808273315,1556
RE21.F,0.0,0.0,2285
RE3.F,0.0,0.0,2285
REJA.F,0.0,0.0,2285
REPA.SG,0.0,0.0,2283
RER1.SG,0.0,0.0,2285
REW.F,0.0,0.0,2285
RF6.SG,0.0,0.0,1829
RFX.SG,0.0,0.0,2285
RG3.SG,0.0,1900.5724334716797,2285
RG6.F,0.0,0.0,2285
RGI0.F,0.0,0.0,2284
RGN.F,0.0,0.0,2285
RGO.F,0.0,4531.620330810547,2285
RHJ.SG,0.0,0.0,2235
RHM.DE,20793459.402648926,292645424.70410156,2285
RHO.DE,169615.24030303955,94636.63385009766,840
RHS.MU,0.0,0.0,1514
RI1.F,1992.6399841308594,566.6000068187714,2285
RI2.F,0.0,0.0,2285
RIK.F,0.0,0.0,2285
RIO1.F,114265.33401489258,230604.61331367493,2285
RIT1.F,0.0,0.0,1771
RJF.F,0.0,0.0,2285
RJR1.F,0.0,0.0,2285
RK7.F,0.0,0.0,1008
RK8.F,164.3804907798767,272.8716073036194,2285
RKVA.F,0.0,0.0,2285
RL1.F,0.0,0.0,2285
RLD.F,0.0,0.0,2285
RLG.F,0.0,0.0,2285
RLS.F,0.0,0.0,2285
RMB.F,0.0,2376.57993888855,2285
RMC.SG,0.0,0.0,2285
RME.SG,0.0,0.0,2285
RMZ.F,0.0,0.0,2285
RN4.SG,0.0,0.0,2285
RN7.F,0.0,0.0,2285
RNL.DE,74165.75730705261,54154.184752464294,2285
ROI.SG,0.0,0.0,2285
ROP.F,0.0,0.0,2285
RPL.DE,0.0,0.0,1447
RPU.F,0.0,187.95140075683594,2285
RR6.F,0.0,0.0,1043
RRC.F,0.0,0.0,2285
RRJ.F,0.0,0.0,2285
RRK.F,0.0,0.0,2285
RRN.F,0.0,0.0,2285
RRTL.DE,2345667.1994800568,2205608.025399208,2285
RRU.F,22513.34488904476,62880.1739487648,2285
RSH.SG,0.0,0.0,2285
RSK.F,0.0,0.0,2285
RSO.F,0.0,0.0,2285
RT3.F,0.0,0.0,77
RV1.F,0.0,0.0,601
RV6.F,0.0,0.0,2285
RV7.F,0.0,86.57999992370605,2285
RVS1.F,0.0,0.0,1459
RWA.F,0.0,0.0,1456
RWE.DE,63331323.06447601,67421127.60949898,2285
RWL.DE,0.0,0.0,1449
RXF.F,0.0,0.0,2285
RXK3.F,0.0,0.0,2285
RY4C.SG,216.5842628479004,0.0,2285
RYQ.F,0.0,0.0,2285
RYSD.DE,25753.553314208984,516311.0924344063,2285
RZ2.F,3550.859317779541,1641.2937774658203,686
RZW.F,0.0,0.0,2285
S01.F,0.0,0.0,2285
S090.F,0.0,0.0,1954
S0QA.F,0.0,0.0,2285
S0V.F,0.0,0.0,2285
S1K0.F,0.0,0.0,1486
S24.F,0.0,0.0,2285
S2B.F,0.0,0.0,1869
S2L.F,0.0,0.0,1048
S3F0.F,0.0,0.0,2006
S3T.F,0.0,0.0,2285
S49.F,0.0,0.0,2285
S52.F,0.0,0.0,2285
S5H0.F,0.0,0.0,2285
S5L.F,37769.74383279681,19798.37530851364,2130
S6IA.F,0.0,0.0,2285
S6W.F,0.0,0.0,2285
S7MB.SG,0.0,0.0,2285
S86.F,0.0,0.0,1620
S8V.F,0.0,0.0,1943
S92.DE,4151227.8663635254,3534646.58993721,2285
S97.F,0.0,0.0,2194
S9H.F,0.0,0.0,1156
S9L.F,0.0,0.0,2285
S9Y.F,6780.0846338272095,9770.470821857452,2285
SA2D.F,0.0,0.0,2285
SAP.DE,223477168.3985672,329406225.48023987,2285
SAX.DE,2810433.552749634,2812140.2354049683,2285
SAYN.F,0.0,0.0,2285
SB7.F,0.0,0.0,2285
SBL.F,0.0,0.0,2285
SBW.F,0.0,0.0,2285
SC3.F,0.0,0.0,2285
SCB.F,0.0,0.0,2285
SCE.DE,10556.4183511734,6650.650054693222,1026
SCL.F,28295.580688476562,24878.553714752197,2285
SCQA.F,0.0,0.0,2285
SCY.F,92.63999938964844,0.0,2285
SCZ.F,0.0,0.0,2285
SDF.DE,13653139.868686676,10565318.95231533,2285
SDRC.DE,0.0,6228.597372055054,2284
SDV1.SG,0.0,4405.644456863403,2285
SE4.SG,0.0,0.0,2285
SE9.F,0.0,0.0,2285
SEJ1.DE,0.0,63440.73356628418,2285
SEO.F,0.0,0.0,2285
SEP0.F,0.0,0.0,2285
SES.F,1493.933391571045,2413.6063265800476,2285
SF5.F,0.0,0.0,2285
SFC.F,0.0,0.0,1563
SFE.F,0.0,0.0,2285
SFK.F,0.0,0.0,2285
SFQ.DE,980962.7291107178,930520.292429924,2285
SGL.DE,1048406.6972494125,577295.2310779095,2285
SGM.DE,45909.18477630615,130482.38302516937,2285
SH5.MU,0.0,0.0,1416
SH9.F,0.0,0.0,2285
SHA0.DE,3346913.326669693,3455828.2202740908,2285
SHG.F,0.0,0.0,2285
SHL.DE,27362899.915805817,34865991.92274094,2077
SHR2.F,0.0,0.0,284
SI4.F,0.0,0.0,82
SIE.DE,179564059.23809814,225641677.53146362,2285
SII.DE,58059.721755981445,109700.79343414307,2285
SIKA.MU,0.0,0.0,1983
SIX2.DE,3054997.868774414,2935413.554824829,2285
SIX3.DE,1013467.4094200134,1110017.8436641693,2285
SJ3.MU,0.0,0.0,1664
SJ7.F,0.0,0.0,2285
SJI.F,0.0,0.0,2204
SJM.F,0.0,0.0,2285
SJN.F,0.0,0.0,2285
SKFB.F,0.0,0.0,2285
SKNB.F,0.0,0.0,2285
SKT.F,0.0,0.0,2285
SKWC.F,0.0,0.0,1964
SKWC.SG,0.0,0.0,588
SL1.F,0.0,0.0,2285
SL3.F,0.0,0.0,2285
SLL.SG,0.0,0.0,2285
SLW1.F,0.0,0.0,1542
SLYG.DE,157237.93627166748,165731.09872817993,541
SM2.F,0.0,0.0,2285
SM3.F,0.0,0.0,2285
SMHN.DE,1105851.0321788788,4401830.503351212,2285
SMP0.F,0.0,0.0,2285
SN6.F,0.0,0.0,2285
SND.F,53814.339988708496,222358.92504882812,2285
SNIA.F,0.0,0.0,2285
SNK.F,0.0,0.0,2285
SNM.SG,0.0,0.0,2285
SNS.F,0.0,0.0,2285
SNW.SG,37825.4825592041,65078.34912490845,2285
SOCA.HM,0.0,0.0,2283
SOH1.DE,0.0,4015.139917373657,2285
SOL.F,0.0,260.9347343444824,2285
SOT.DE,0.0,0.0,2284
SP1.F,0.0,0.0,2285
SP4P.F,0.0,0.0,2285
SPC.DE,0.0,0.0,354
SPEA.DU,0.0,0.0,2285
SQ3.DE,213486.60191345215,172978.77437210083,1418
SQE.F,0.0,0.0,2285
SQU.DE,89124.40187072754,165146.46728515625,2285
SQZ.F,0.0,0.0,2281
SR2.F,0.0,0.0,280
SR3.F,0.0,0.0,2285
SR9A.F,0.0,0.0,2285
SRB.DE,97456.23509216309,75928.98678970337,2285
SRM0.F,0.0,0.0,2285
SRT3.DE,19722824.964309692,20692834.58102417,2285
SRU.F,0.0,0.0,2285
SS8.F,0.0,0.0,2285
SSF.F,0.0,0.0,2285
ST2.F,0.0,0.0,2285
ST5.DE,287040.05558776855,202463.21419143677,2285
STM.DE,1361618.2212486267,1220132.07903862,2285
STP.F,0.0,0.0,2285
SU1N.F,0.0,0.0,2006
SUD.F,0.0,0.0,1432
SUL1.F,0.0,0.0,1920
SUV.F,0.0,0.0,2285
SUY1.SG,0.0,0.0,2285
SVHH.SG,0.0,0.0,2285
SVK.F,0.0,0.0,1389
SW6.F,0.0,0.0,2285
SWF.F,3164.2225341796875,2773.3056602478027,2285
SWG.DE,0.0,0.0,2284
SWI.F,0.0,0.0,2285
SWJ.F,0.0,0.0,2006
SY1.DE,24194654.586791992,26273928.580287933,2285
SY2.F,0.0,0.0,2285
SYJ.F,0.0,0.0,2173
SYK.DE,12583.332641601562,34996.73888397217,1493
SYM.F,0.0,0.0,2285
SYP.DE,8231.399917602539,87654.39697265625,2285
SYY.F,0.0,0.0,2285
SZ2.F,0.0,0.0,2285
SZ7.F,600.0,1060.700021982193,2285
SZG.DE,4638149.471282959,3293153.09815979,2285
SZL.F,0.0,0.0,2284
SZR.F,0.0,0.0,2285
SZU.DE,2507315.400466919,1517875.0390486717,2285
T0J2.F,0.0,0.0,1146
T2V1.F,0.0,0.0,2285
T5R.F,0.0,0.0,2285
T5X.F,0.0,0.0,2285
T5Z.SG,0.0,0.0,2285
T6A.F,0.0,0.0,2285
T6O.SG,0.0,0.0,1809
T70.F,0.0,0.0,2285
T77.F,0.0,0.0,2285
T7U.F,0.0,0.0,2285
T7W.F,0.0,0.0,2285
T8F.F,0.0,0.0,2285
T8Z.F,0.0,0.0,84
T9CA.F,0.0,0.0,2285
TA1.F,0.0,75.11000108718872,2285
TB5.F,0.0,0.0,2285
TBH.F,0.0,0.0,2285
TCE2.F,0.0,0.0,2285
TCS.F,1393.9999389648438,14409.400268554688,2285
TCX.F,0.0,0.0,2285
TD5A.F,0.0,0.0,2285
TD9.F,0.0,0.0,2253
TDB.F,0.0,0.0,2285
TE7.F,0.0,0.0,2001
TE8N.F,0.0,0.0,2006
TEG.DE,6496502.899280548,5635696.973148346,2285
TEN.F,0.0,0.0,2006
TEQ.F,5.472661703824997,57.958345890045166,2285
TEV.F,69916.68392944336,23576.87556743622,2285
TEX.F,0.0,0.0,2285
TEY.DE,0.0,2812.9084815979004,1795
TF2.F,0.0,0.0,2282
TF7A.SG,0.0,0.0,2285
TG9.SG,0.0,0.0,2235
TGE1.F,0.0,0.0,2006
TGO.SG,0.0,0.0,2285
TGR.F,774.3164749145508,120.7576675415039,2285
TH1.F,0.0,0.0,2285
TH93.F,0.0,0.0,692
THM.F,0.0,0.0,2285
TIB1.F,0.0,0.0,2285
TT6.MU,0.0,0.0,1519
TII.DE,13275.373840332031,48360.60591888428,2285
TIMA.DE,162484.13816070557,63232.240240097046,2285
TIV.F,0.0,0.0,2285
TK41.F,0.0,0.0,2285
TK9.F,0.0,0.0,2285
TKA.DE,25352779.761249542,23721752.853482246,2285
TKE.DE,0.0,11856.01012802124,1795
TKH.F,0.0,0.0,2285
TKK1.MU,0.0,0.0,2285
TKMS.DE,13957413.742362976,13957413.742362976,164
TL0.DE,13537815.608551025,15721913.660385132,2285
TLK.F,0.0,0.0,2285
TLLB.F,0.0,0.0,2285
TLS.F,0.0,0.0,2285
TLX.DE,3982722.4609451294,9227659.996360779,2285
TM2.F,0.0,0.0,2285
TM5.DE,35537.79602050781,74138.68409729004,1571
TM9.F,0.0,14.31821009516716,935
TMJ.F,0.0,0.0,2285
TMRA.F,11988.762176513672,6651.466068267822,2285
TMV.DE,8688066.513690948,5426329.026054144,1709
TN1.F,0.0,0.0,2285
TN2.F,0.0,0.0,2285
TN3.F,0.0,0.0,2285
TN8.F,28448.5537109375,25232.44903564453,2285
TNE5.F,18830.569927453995,17713.86448943615,2285
TNU3.F,0.0,0.0,2285
TO2.F,0.0,0.0,2285
TOC.SG,0.0,0.0,1909
TOH.F,0.0,0.0,2285
TOJ.F,0.0,0.0,2006
TOTB.F,132035.9683151245,126076.52827835083,2285
TPE.DE,913151.9920349121,1189873.7040176392,2285
TPW.F,0.0,0.0,2285
TQK.F,0.0,0.0,2285
TQR.F,0.0,0.0,2285
TR4.DE,0.0,0.0,2284
TRL.MU,0.0,0.0,2285
TRVC.DE,32586.487884521484,74987.60411453247,2285
TRY.F,0.0,0.0,2285
TSA.F,0.0,0.0,2285
TSFA.F,122433.03419494629,446471.6815185547,2285
TT1.F,0.0,0.0,2285
TT8.DE,50014.929637908936,103135.66814422607,1385
TTA.F,0.0,0.0,2285
TTEB.F,0.0,0.0,2285
TU0.F,0.0,0.0,2285
TUI1.DE,14932067.783546448,23636389.455007315,2285
TUQ1.F,0.0,0.0,2285
TV9.F,0.0,0.0,2006
TW10.F,0.0,0.0,2285
TWH.F,5524.050064086914,929.1700057983398,2285
TWL.F,0.0,0.0,2285
TWSA.SG,0.0,0.0,2283
TWZ.F,0.0,0.0,2285
TXG.F,0.0,0.0,2285
TXT.F,0.0,0.0,2285
TYIA.SG,0.0,0.0,2285
TYR.SG,0.0,0.0,2283
TZ1.F,0.0,0.0,2285
TZ3.F,0.0,0.0,2285
TZ8.F,0.0,0.0,2285
U1B.F,0.0,0.0,2285
U3I.SG,0.0,0.0,2034
U6Z.F,22549.999803304672,62958.90813493729,2285
U7X.F,0.0,0.0,1138
U9R.F,4299.239959716797,11449.451820373535,2285
U9T.F,0.0,0.0,2285
UA10.F,0.0,0.0,2285
UA9.F,0.0,0.0,2285
UAL1.F,552.3700218200684,2143.6500244140625,2285
UBW1.F,0.0,0.0,2285
UCBN.F,0.0,0.0,2285
UCI.F,0.0,0.0,1977
UCM.SG,0.0,0.0,2285
UD1.F,0.0,0.0,62
UDM.F,0.0,0.0,2285
UF2.F,0.0,0.0,2285
UF3.F,0.0,0.0,2285
UG5A.F,0.0,0.0,2285
UG6.F,0.0,0.0,2285
UH3.DE,0.0,0.0,163
UHRN.SG,0.0,0.0,2285
UI51.F,694.4650268554688,25816.748931884766,2285
UIPN.F,0.0,0.0,1877
UK8.F,0.0,0.0,2285
ULB.F,0.0,0.0,2285
ULI.F,0.0,0.0,1406
UN0.DE,6911250.7734375,144267.30641937256,2285
UN3.F,0.0,0.0,2285
UN9.DE,5027.548348903656,8389.187802791595,2148
UNC.DE,9971.671325683594,9971.671325683594,157
UNH.DE,73918.74047851562,448710.45376586914,2285
UNP.SG,6130.102386474609,1873.7074279785156,2285
UNS1.F,0.0,0.0,2285
UOF.F,0.0,0.0,2285
UP0.F,0.0,0.0,2285
UP2.F,0.0,0.0,1345
UQ1.F,0.0,0.0,2285
UR3.F,0.0,0.0,2285
US3.F,4356.585077285767,3586.4611225128174,1162
US8.SG,0.0,0.0,2285
USY1.F,0.0,0.0,2285
UT8.DE,170083.0329208374,325276.86328697205,1788
UTDI.DE,6853561.824417114,3864981.593334198,2285
UTI.F,0.0,0.0,2285
UU8.F,0.0,0.0,395
UUM.F,0.0,0.0,2285
UV3.F,0.0,25.31895124912262,756
UVA.F,0.0,0.0,2285
UVV.F,0.0,0.0,2285
UWV.F,0.0,0.0,2285
UX2A.F,0.0,0.0,2285
V02.MU,0.0,0.0,1155
V16.F,0.0,0.0,2285
V1K.F,0.0,0.0,1995
V1L.DE,0.0,0.0,2284
V1NC.F,30190.719678878784,30190.719678878784,60
V1S.F,0.0,0.0,2285
V22.F,0.0,0.0,871
V2W.F,0.0,0.0,74
V30.F,0.0,0.0,382
V4OC.MU,0.0,0.0,1304
V4Y.F,0.0,0.0,378
V71.F,20913.00090789795,26866.07583618164,640
V72.F,0.0,0.0,2285
V76.F,0.0,0.0,299
V7B.F,0.0,837.4799823760986,2285
V7XN.F,417.9999828338623,0.0,2285
VA7A.SG,0.0,0.0,2285
VACD.DU,0.0,0.0,2285
VAS.F,4169.999885559082,2127.9405212402344,2285
VAT.F,0.0,0.0,2006
VAW.F,0.0,0.0,2285
VAYA.F,0.0,0.0,2064
VBK.DE,1904744.6341552734,1769789.2993216515,2285
VC3.F,0.0,0.0,2285
VDY.F,0.0,0.0,2285
VEE.DE,3514.4000701904297,5106.399978637695,1249
VEK.F,0.0,0.0,2283
VEN.SG,0.0,0.0,2235
VEO.F,0.0,0.0,2285
VEW.F,0.0,0.0,1970
VGA.F,0.0,0.0,2285
VH2.DE,503360.97064208984,2121587.1368637085,1331
VHM.F,0.0,0.0,2285
VI1.F,0.0,0.0,2285
VI4.F,0.0,0.0,2260
VIA.F,2911.5405321121216,1818.0741229057312,2285
VIP.F,0.0,0.0,2285
VIR.SG,0.0,0.0,1793
VIS.SG,0.0,0.0,2283
VLA.SG,0.0,0.0,1832
VM4.F,0.0,0.0,2285
VMC.F,0.0,0.0,2285
VN6.F,0.0,0.0,429
VNA.DE,50104608.31802368,57490382.70278931,2285
VNB.F,0.0,0.0,2285
VNC1.SG,0.0,0.0,2235
VNX.DE,0.0,0.0,2285
VO1.F,0.0,0.0,2285
VO51.F,8561.37766778469,21718.889080524445,2285
VODJ.F,0.0,0.0,2285
VOL4.MU,0.0,0.0,1062
VOS.DE,434241.84703826904,1450568.1160697937,2285
VOW.DE,6818830.424491882,5670602.84394455,2285
VOW3.DE,99120650.50561523,81319358.02310944,2285
VPK5.SG,0.0,0.0,2285
VRS.F,0.0,0.0,2285
VS2.F,0.0,0.0,2285
VS51.F,0.0,0.0,2285
VSA2.F,328.3237075805664,0.0,2285
VT6.F,0.0,0.0,2285
VTFN.F,0.0,0.0,2285
VTM.F,0.0,0.0,2285
VVDH.F,0.0,0.0,2285
VVU.DE,6512.978744506836,3076.628457069397,2285
VWSB.DE,464211.48425865173,553494.8918433189,2285
VX1.DE,11845.549774169922,27543.750457763672,2285
VY4.F,0.0,0.0,1720
W2L.F,0.0,0.0,2285
W3U.F,0.0,2010.638656616211,2285
W3W.F,0.0,0.0,2285
W62.F,998.3500106334686,998.3500106334686,226
W7D.F,736.7500305175781,0.0,2285
W7L.F,0.0,0.0,2285
W8C.F,0.0,155.69581985473633,586
W8K.SG,381.54998779296875,381.54998779296875,195
W98.F,0.0,0.0,450
W9C.F,0.0,16042.444458007812,2285
WA4.F,0.0,0.0,1534
WA9.F,0.0,0.0,2285
WAF.DE,5686482.462127686,3438115.743988037,2285
WAZ.F,0.0,0.0,2285
WC3.F,0.0,0.0,2285
WCH.DE,10036900.91886139,7629924.561531067,2285
WD1.F,0.0,0.0,2285
WD5A.F,0.0,0.0,2285
WDH1.F,0.0,0.0,2285
WDP.DE,442509.0220413208,248575.86837387085,2285
WE1.F,0.0,0.0,2285
WEA.F,0.0,0.0,2285
WER.F,0.0,0.0,2285
WF2.F,0.0,0.0,2285
WF5A.F,0.0,14337.440200805664,2285
WFK.F,0.0,0.0,2285
WGB.F,0.0,0.0,2285
WHR.F,0.0,0.0,2285
WI20.F,0.0,0.0,1296
WI4.F,2618.6009616851807,6845.618286430836,2285
WIB.SG,0.0,172.36628913879395,2285
WIC.F,0.0,0.0,2285
WIJ.F,0.0,0.0,1713
WILC.F,0.0,0.0,2285
WIQ.F,0.0,0.0,2285
WIS.F,0.0,0.0,2285
WM1.F,0.0,0.0,2285
WNL.MU,0.0,0.0,1333
WOSB.F,1159.6703796386719,10007.423400878906,2285
WPHB.F,0.0,0.0,2285
WPI.F,0.0,0.0,1784
WPOB.F,0.0,0.0,2285
WPY.SG,0.0,0.0,2235
WR1.F,0.0,0.0,2285
WRG.F,0.0,0.0,2285
WS11.MU,0.0,0.0,1261
WSV2.F,81.99323272705078,4833.283466339111,2285
WT5.F,0.0,0.0,2285
WTH.F,0.0,0.0,2285
WTY.F,0.0,0.0,2285
WUC.F,2386.749948501587,2375.8999705314636,682
WUW.DE,276611.3353443146,248254.40503025055,2285
WV8.F,0.0,0.0,2285
WW1.F,0.0,0.0,2285
WW2.F,0.0,0.0,2285
WW4.F,0.0,0.0,2285
WX4.F,1895.039119720459,946.9708976745605,2285
WXE.F,0.0,0.0,2285
WYR.F,0.0,0.0,2285
X0M1.F,0.0,0.0,2283
X3C.F,0.0,0.0,788
X7Q.MU,0.0,0.0,1140
X88.HM,0.0,0.0,155
X8G.F,0.0,0.0,396
X9C.F,0.0,0.0,2285
XA4.F,0.0,0.0,2285
XAL.F,0.0,0.0,1557
XC1.F,0.0,0.0,2285
XC4.F,0.0,0.0,2285
XCA.DE,2211.317620277405,14850.353728294373,2285
XCY.F,0.0,0.0,2285
XD1.F,0.0,0.0,946
XD4.F,3902.8234252929688,16432.841205596924,2285
XE7C.F,0.0,0.0,2285
XE9.F,0.0,0.0,2285
XER2.F,0.0,222.85853266716003,2285
FTE1.F,0.0,0.0,2285
XFB.F,8.390000343322754,0.0,2285
XGH0.F,0.0,0.0,1128
XGJ.F,0.0,0.0,2285
XGR2.DE,4516.552352905273,15390.041427612305,1651
XH0.F,0.0,0.0,1070
XI3.F,0.0,0.0,1151
XIM.F,0.0,0.0,2285
XK2.F,0.0,0.0,497
XKR.F,0.0,0.0,2285
XOA1.F,0.0,0.0,773
XONA.F,57116.02081298828,52928.26385498047,2285
XP0.F,0.0,0.0,2285
XPGB.DU,0.0,0.0,580
XPH.DE,0.0,78.94906997680664,1797
XPX.F,0.0,0.0,1721
XRP2.F,0.0,0.0,1466
XSC.F,0.0,0.0,2285
XSG.F,0.0,0.0,2285
XSZ.F,0.0,0.0,2285
XT1.F,0.0,0.0,2285
XTG.F,0.0,0.0,2285
XXA1.F,0.0,0.0,2285
XXY.F,0.0,0.0,2285
XY6.DE,4378.073108673096,5690.869491577148,1664
XY81.F,0.0,0.0,2285
XZ9.F,0.0,0.0,1378
Y232.F,0.0,0.0,1078
Y5C.F,79171.16661071777,79597.31155395508,558
Y6R.F,0.0,0.0,2285
Y7G.F,0.0,0.0,350
Y8O.F,0.0,0.0,2285
Y9L.F,0.0,0.0,2285
YA3.F,1762.474102139473,1762.474102139473,372
YAG.F,0.0,0.0,2285
YB4P.F,0.0,0.0,2285
YCP.HM,0.0,0.0,2285
YDO1.F,0.0,0.0,2285
YDX.F,2167.6800537109375,46712.0,2091
YH1.F,0.0,0.0,1306
YIR.F,0.0,0.0,1490
YIT.F,0.0,0.0,2285
YO0.F,6861.9602262973785,8532.84997344017,2215
YTSN.F,0.0,0.0,2006
YWA.SG,0.0,0.0,2235
YZ8.F,0.0,0.0,2285
YZA0.F,0.0,0.0,2285
Z0Y.F,0.0,0.0,2285
Z1L0.F,0.0,0.0,1318
Z29.DE,0.0,0.0,937
Z2G.F,0.0,0.0,186
Z2J.F,0.0,0.0,643
Z4Z.SG,0.0,0.0,1260
Z85.F,0.0,0.0,2285
Z8J.F,0.0,0.0,970
Z9D.F,0.0,0.0,447
ZA71.F,0.0,0.0,1539
ZA8.F,0.0,0.0,1940
ZAL.DE,28480119.338768005,28239591.521289825,2285
ZAS.F,0.0,0.0,2285
ZB1.F,0.0,0.0,2285
ZCG.F,0.0,0.0,2285
ZEG.F,36107.81936645508,47774.45092010498,2285
ZEH2.F,0.0,0.0,2006
ZFIN.DE,94586.67810058594,56435.172035217285,840
ZGV3.F,0.0,0.0,2285
ZGY.F,0.0,0.0,2285
ZH2.F,1264.184684753418,1264.184684753418,286
ZI7.F,0.0,0.0,362
ZIL2.DE,458639.40236091614,104035.85210609436,2285
ZIM.F,0.0,0.0,2285
ZOE.MU,0.0,0.0,2285
ZRE.F,0.0,0.0,1986
ZS2.SG,0.0,0.0,2235
ZS3.F,0.0,0.0,2285
ZSL.F,0.0,0.0,2285
ZSV.SG,1247.379207611084,1171.9000339508057,2285
ZT1A.DE,0.0,0.0,2279
ZV5.F,3326.4001321792603,1074.1120426654816,2285
ZVA.F,0.0,0.0,2285
ZX6.MU,0.0,0.0,801
ZZA.F,0.0,0.0,2285
